core_id,type,cycle,sample_id,bag_id,filter_id,filter_area,colour,shape,major,minor,core_id_new,species,habitat_label,visual_id
-,control,C1,CON_C1,-,CON_C1,0.5,black_grey,line,196.0002,9.402,NA,NA,NA,visual_1
-,control,C1,CON_C1,-,CON_C1,0.5,blue_green,fragment,69.922,30.433,NA,NA,NA,visual_2
-,control,C1,CON_C1,-,CON_C1,0.5,blue_green,film,792.672,27.945,NA,NA,NA,visual_3
-,control,C2,CON_C2,-,CON_C2,0.25,black_grey,line,695.067,13.469,NA,NA,NA,visual_4
-,control,C2,CON_C2,-,CON_C2,0.25,black_grey,line,590.553,7.399,NA,NA,NA,visual_5
-,control,C3,CON_C3,-,CON_C3,1,black_grey,line,2654.705,18.518,NA,NA,NA,visual_6
-,control,C3,CON_C3,-,CON_C3,1,yellow,line,1729.149,13.371,NA,NA,NA,visual_7
-,control,C3,CON_C3,-,CON_C3,1,black_grey,line,2731.843,12.332,NA,NA,NA,visual_8
-,control,C4,CON_C4,-,CON_C4,0.25,white_cream,foam,1743.732,607.792,NA,NA,NA,visual_9
-,control,C4,CON_C4,-,CON_C4,0.25,blue_green,fragment,62.28,46.869,NA,NA,NA,visual_10
-,control,C4,CON_C4,-,CON_C4,0.25,blue_green,fragment,37.642,34.075,NA,NA,NA,visual_11
-,control,C5,CON_C5,-,CON_C5,1,blue_green,line,995.724,18.173,NA,NA,NA,visual_12
-,control,C6,CON_C6,-,CON_C6,1,blue_green,line,3184.416,6.547,NA,NA,NA,visual_13
-,control,C6,CON_C6,-,CON_C6,1,blue_green,line,523.961,11.505,NA,NA,NA,visual_14
-,control,C6,CON_C6,-,CON_C6,1,blue_green,line,660.023,8.184,NA,NA,NA,visual_15
-,control,C6,CON_C6,-,CON_C6,1,blue_green,line,1228.251,23.363,NA,NA,NA,visual_16
-,control,C6,CON_C6,-,CON_C6,1,blue_green,film,303.326,26.516,NA,NA,NA,visual_17
-,control,C6,CON_C6,-,CON_C6,1,blue_green,line,1369.957,12.351,NA,NA,NA,visual_18
-,control,C7,CON_C7,-,CON_C7,1,blue_green,line,965.418,13.075,NA,NA,NA,visual_19
-,control,C8,CON_C8,-,CON_C8,1,black_grey,line,275.583,13.559,NA,NA,NA,visual_20
-,control,C8,CON_C8,-,CON_C8,1,white_cream,foam,1584.477,853.373,NA,NA,NA,visual_21
-,control,C8,CON_C8,-,CON_C8,1,blue_green,line,4189.48,16.405,NA,NA,NA,visual_22
-,control,C8,CON_C8,-,CON_C8,1,white_cream,foam,558.113,381.35,NA,NA,NA,visual_23
CH1,sediment,C6,CH1_6,109,109_2,0.25,yellow,line,4552.805,28.255,Zn1,Zostera noltei,Intertidal (Zn),visual_24
CH1,sediment,C7,CH1_30,117,117_1,0.25,transparent,line,4092.948,36.476,Zn1,Zostera noltei,Intertidal (Zn),visual_25
CH1,sediment,C7,CH1_27,116,116_2,0.25,orange_pink_red,line,3704.425,18.837,Zn1,Zostera noltei,Intertidal (Zn),visual_26
CH1,sediment,C6,CH1_12,111,111_1,0.25,transparent,line,3150.235,26.188,Zn1,Zostera noltei,Intertidal (Zn),visual_27
CH1,sediment,C7,CH1_27,116,116_1,0.25,transparent,line,3137.494,39.886,Zn1,Zostera noltei,Intertidal (Zn),visual_28
CH1,sediment,C7,CH1_24,115,115_1,0.25,transparent,line,3077.018,38.177,Zn1,Zostera noltei,Intertidal (Zn),visual_29
CH1,sediment,C6,CH1_6,109,109_2,0.25,transparent,line,2966.725,20.37,Zn1,Zostera noltei,Intertidal (Zn),visual_30
CH1,sediment,C6,CH1_12,111,111_1,0.25,transparent,line,2721.138,30.772,Zn1,Zostera noltei,Intertidal (Zn),visual_31
CH1,sediment,C6,CH1_12,111,111_2,0.25,yellow,film,1767.516,52.35,Zn1,Zostera noltei,Intertidal (Zn),visual_32
CH1,sediment,C7,CH1_27,116,116_1,0.25,white_cream,line,1730.522,35.045,Zn1,Zostera noltei,Intertidal (Zn),visual_33
CH1,sediment,C6,CH1_6,109,109_1,0.25,black_grey,line,1351.178,13.819,Zn1,Zostera noltei,Intertidal (Zn),visual_34
CH1,sediment,C7,CH1_48,123,123_1,0.25,white_cream,line,1241.328,25.62,Zn1,Zostera noltei,Intertidal (Zn),visual_35
CH1,sediment,C7,CH1_27,116,116_2,0.25,white_cream,line,976.523,16.852,Zn1,Zostera noltei,Intertidal (Zn),visual_36
CH1,sediment,C7,CH1_48,123,123_1,0.25,black_grey,line,888.228,11.682,Zn1,Zostera noltei,Intertidal (Zn),visual_37
CH1,sediment,C7,CH1_27,116,116_1,0.25,transparent,line,870.936,15.783,Zn1,Zostera noltei,Intertidal (Zn),visual_38
CH1,sediment,C7,CH1_30,117,117_2,0.25,black_grey,line,852.578,26.991,Zn1,Zostera noltei,Intertidal (Zn),visual_39
CH1,sediment,C7,CH1_24,115,115_1,0.25,transparent,line,831.767,31.862,Zn1,Zostera noltei,Intertidal (Zn),visual_40
CH1,sediment,C6,CH1_12,111,111_1,0.25,transparent,line,769.448,17.628,Zn1,Zostera noltei,Intertidal (Zn),visual_41
CH1,sediment,C7,CH1_75,132,132_2,0.25,orange_pink_red,line,639.043,11.864,Zn1,Zostera noltei,Intertidal (Zn),visual_42
CH1,sediment,C6,CH1_18,113,113_1,0.25,black_grey,line,561.205,29.371,Zn1,Zostera noltei,Intertidal (Zn),visual_43
CH1,sediment,C6,CH1_6,109,109_1,0.25,black_grey,line,501.778,12.505,Zn1,Zostera noltei,Intertidal (Zn),visual_44
CH1,sediment,C7,CH1_75,132,132_2,0.25,black_grey,line,429.395,16.967,Zn1,Zostera noltei,Intertidal (Zn),visual_45
CH1,sediment,C7,CH1_27,116,116_1,0.25,black_grey,line,361.459,13.559,Zn1,Zostera noltei,Intertidal (Zn),visual_46
CH1,sediment,C6,CH1_6,109,109_2,0.25,blue_green,line,319.23,44.661,Zn1,Zostera noltei,Intertidal (Zn),visual_47
CH1,sediment,C6,CH1_6,109,109_1,0.25,blue_green,line,265.416,10.408,Zn1,Zostera noltei,Intertidal (Zn),visual_48
CH1,sediment,C7,CH1_48,123,123_1,0.25,brown_tan,film,238.876,12.282,Zn1,Zostera noltei,Intertidal (Zn),visual_49
CH1,sediment,C7,CH1_30,117,117_1,0.25,blue_green,fragment,238.347,111.846,Zn1,Zostera noltei,Intertidal (Zn),visual_50
CH1,sediment,C6,CH1_0,107,107_2,0.25,blue_green,line,236.479,11.857,Zn1,Zostera noltei,Intertidal (Zn),visual_51
CH1,sediment,C7,CH1_24,115,115_1,0.25,blue_green,line,204.275,39.89,Zn1,Zostera noltei,Intertidal (Zn),visual_52
CH1,sediment,C6,CH1_6,109,109_1,0.25,black_grey,line,202.312,9.195,Zn1,Zostera noltei,Intertidal (Zn),visual_53
CH1,sediment,C6,CH1_12,111,111_1,0.25,blue_green,line,198.342,10.97,Zn1,Zostera noltei,Intertidal (Zn),visual_54
CH1,sediment,C6,CH1_0,107,107_2,0.25,black_grey,line,195.365,13,Zn1,Zostera noltei,Intertidal (Zn),visual_55
CH1,sediment,C6,CH1_6,109,109_1,0.25,black_grey,line,183.355,26.514,Zn1,Zostera noltei,Intertidal (Zn),visual_56
CH1,sediment,C7,CH1_48,123,123_1,0.25,black_grey,line,179.532,11.493,Zn1,Zostera noltei,Intertidal (Zn),visual_57
CH1,sediment,C7,CH1_75,132,132_2,0.25,blue_green,film,179.447,25.818,Zn1,Zostera noltei,Intertidal (Zn),visual_58
CH1,sediment,C7,CH1_27,116,116_1,0.25,blue_green,fragment,175.813,95.174,Zn1,Zostera noltei,Intertidal (Zn),visual_59
CH1,sediment,C7,CH1_24,115,115_1,0.25,blue_green,fragment,146.641,55.933,Zn1,Zostera noltei,Intertidal (Zn),visual_60
CH1,sediment,C7,CH1_36,119,119_1,0.25,blue_green,film,120.863,43.445,Zn1,Zostera noltei,Intertidal (Zn),visual_61
CH1,sediment,C7,CH1_36,119,119_1,0.25,black_grey,line,117.036,7.8,Zn1,Zostera noltei,Intertidal (Zn),visual_62
CH1,sediment,C7,CH1_27,116,116_1,0.25,blue_green,fragment,60.729,22.102,Zn1,Zostera noltei,Intertidal (Zn),visual_63
CH4,sediment,C5,CH4_12,90,90_2,0.25,white_cream,line,917.216,18.91,Zn2,Zostera noltei,Intertidal (Zn),visual_64
CH4,sediment,C5,CH4_12,90,90_2,0.25,black_grey,fragment,403.944,20.367,Zn2,Zostera noltei,Intertidal (Zn),visual_65
CH4,sediment,C5,CH4_12,90,90_2,0.25,blue_green,fragment,95.403,19.539,Zn2,Zostera noltei,Intertidal (Zn),visual_66
CH4,sediment,C5,CH4_12,90,90_2,0.25,blue_green,fragment,64.896,13.257,Zn2,Zostera noltei,Intertidal (Zn),visual_67
CH4,sediment,C5,CH4_18,92,92_2,0.25,orange_pink_red,line,2571.767,40.576,Zn2,Zostera noltei,Intertidal (Zn),visual_68
CH4,sediment,C5,CH4_18,92,92_1,0.25,transparent,line,857.585,24.603,Zn2,Zostera noltei,Intertidal (Zn),visual_69
CH4,sediment,C5,CH4_18,92,92_1,0.25,black_grey,line,216.303,15.283,Zn2,Zostera noltei,Intertidal (Zn),visual_70
CH4,sediment,C5,CH4_18,92,92_2,0.25,blue_green,fragment,213.916,34.98,Zn2,Zostera noltei,Intertidal (Zn),visual_71
CH4,sediment,C5,CH4_18,92,92_1,0.25,blue_green,fragment,156.145,45.88,Zn2,Zostera noltei,Intertidal (Zn),visual_72
CH4,sediment,C5,CH4_24,94,94_1,0.25,transparent,line,1111.152,30.66,Zn2,Zostera noltei,Intertidal (Zn),visual_73
CH4,sediment,C5,CH4_24,94,94_2,0.25,black_grey,line,516.176,11.467,Zn2,Zostera noltei,Intertidal (Zn),visual_74
CH4,sediment,C5,CH4_24,94,94_2,0.25,white_cream,pellet,397.983,344.164,Zn2,Zostera noltei,Intertidal (Zn),visual_75
CH4,sediment,C5,CH4_24,94,94_2,0.25,blue_green,film,188.465,19.129,Zn2,Zostera noltei,Intertidal (Zn),visual_76
CH4,sediment,C6,CH4_27,95,95_1,0.25,white_cream,line,304.402,50.414,Zn2,Zostera noltei,Intertidal (Zn),visual_77
CH4,sediment,C6,CH4_27,95,95_2,0.25,blue_green,fragment,75.303,23.274,Zn2,Zostera noltei,Intertidal (Zn),visual_78
CH4,sediment,C5,CH4_3,87,87_2,0.25,transparent,line,4044.789,18.519,Zn2,Zostera noltei,Intertidal (Zn),visual_79
CH4,sediment,C5,CH4_3,87,87_1,0.25,orange_pink_red,line,441.341,15.293,Zn2,Zostera noltei,Intertidal (Zn),visual_80
CH4,sediment,C5,CH4_3,87,87_2,0.25,black_grey,line,207.815,8.875,Zn2,Zostera noltei,Intertidal (Zn),visual_81
CH4,sediment,C5,CH4_3,87,87_2,0.25,transparent,line,178.87,14.686,Zn2,Zostera noltei,Intertidal (Zn),visual_82
CH4,sediment,C5,CH4_3,87,87_1,0.25,blue_green,fragment,106.664,25.7,Zn2,Zostera noltei,Intertidal (Zn),visual_83
CH4,sediment,C6,CH4_30,96,96_1,0.25,white_cream,line,4887.145,23.968,Zn2,Zostera noltei,Intertidal (Zn),visual_84
CH4,sediment,C6,CH4_30,96,96_2,0.25,black_grey,line,2351.464,21.687,Zn2,Zostera noltei,Intertidal (Zn),visual_85
CH4,sediment,C6,CH4_30,96,96_1,0.25,brown_tan,line,1967.358,5.513,Zn2,Zostera noltei,Intertidal (Zn),visual_86
CH4,sediment,C6,CH4_30,96,96_1,0.25,blue_green,line,1370.619,14.709,Zn2,Zostera noltei,Intertidal (Zn),visual_87
CH4,sediment,C6,CH4_30,96,96_2,0.25,orange_pink_red,line,426.321,32.639,Zn2,Zostera noltei,Intertidal (Zn),visual_88
CH4,sediment,C6,CH4_30,96,96_2,0.25,blue_green,line,419.703,5.723,Zn2,Zostera noltei,Intertidal (Zn),visual_89
CH4,sediment,C6,CH4_33,97,97_1,0.25,blue_green,line,2192.904,13.761,Zn2,Zostera noltei,Intertidal (Zn),visual_90
CH4,sediment,C6,CH4_33,97,97_1,0.25,black_grey,line,828.247,8.102,Zn2,Zostera noltei,Intertidal (Zn),visual_91
CH4,sediment,C6,CH4_54,104,104_1,0.25,blue_green,line,88.826,11.552,Zn2,Zostera noltei,Intertidal (Zn),visual_92
CH6,sediment,C1,CH6_21,22,22_1,0.5,white_cream,line,4864.3,15.697,Cn1,Cymodocea nodosa,Subtidal (Cn),visual_93
CH6,sediment,C2,CH6_33,26,26_2,0.25,transparent,line,3864.327,22.897,Cn1,Cymodocea nodosa,Subtidal (Cn),visual_94
CH6,sediment,C1,CH6_9,18,18_1,0.5,blue_green,line,2678.423,22.135,Cn1,Cymodocea nodosa,Subtidal (Cn),visual_95
CH6,sediment,C1,CH6_3,16,16_1,0.5,black_grey,line,2661.368,12.881,Cn1,Cymodocea nodosa,Subtidal (Cn),visual_96
CH6,sediment,C1,CH6_9,18,18_1,0.5,blue_green,line,2516.606,16.343,Cn1,Cymodocea nodosa,Subtidal (Cn),visual_97
CH6,sediment,C1,CH6_3,16,16_2,0.5,orange_pink_red,line,1618.383,14.397,Cn1,Cymodocea nodosa,Subtidal (Cn),visual_98
CH6,sediment,C2,CH6_39,28,28_2,0.25,transparent,line,884.39,52.725,Cn1,Cymodocea nodosa,Subtidal (Cn),visual_99
CH6,sediment,C2,CH6_33,26,26_1,0.25,white_cream,line,820.212,25.863,Cn1,Cymodocea nodosa,Subtidal (Cn),visual_100
CH6,sediment,C2,CH6_33,26,26_1,0.25,blue_green,line,719.625,16.967,Cn1,Cymodocea nodosa,Subtidal (Cn),visual_101
CH6,sediment,C2,CH6_33,26,26_2,0.25,white_cream,pellet,571.269,563.52,Cn1,Cymodocea nodosa,Subtidal (Cn),visual_102
CH6,sediment,C2,CH6_33,26,26_3,0.25,blue_green,line,536.462,17.285,Cn1,Cymodocea nodosa,Subtidal (Cn),visual_103
CH6,sediment,C1,CH6_15,20,20_1,0.5,blue_green,line,495.097,12.578,Cn1,Cymodocea nodosa,Subtidal (Cn),visual_104
CH6,sediment,C2,CH6_33,26,26_2,0.25,yellow,film,430.25,302.244,Cn1,Cymodocea nodosa,Subtidal (Cn),visual_105
CH6,sediment,C1,CH6_9,18,18_1,0.5,transparent,fragment,385.372,97.031,Cn1,Cymodocea nodosa,Subtidal (Cn),visual_106
CH6,sediment,C2,CH6_33,26,26_3,0.25,blue_green,line,382.81,17.145,Cn1,Cymodocea nodosa,Subtidal (Cn),visual_107
CH6,sediment,C1,CH6_15,20,20_1,0.5,transparent,film,337.79,91.948,Cn1,Cymodocea nodosa,Subtidal (Cn),visual_108
CH6,sediment,C2,CH6_33,26,26_1,0.25,blue_green,film,317.117,22.903,Cn1,Cymodocea nodosa,Subtidal (Cn),visual_109
CH6,sediment,C1,CH6_15,20,20_1,0.5,blue_green,line,303.143,8.995,Cn1,Cymodocea nodosa,Subtidal (Cn),visual_110
CH6,sediment,C1,CH6_0,15,15_1,0.5,opaque,fragment,270.37,79.63,Cn1,Cymodocea nodosa,Subtidal (Cn),visual_111
CH6,sediment,C1,CH6_9,18,18_1,0.5,orange_pink_red,fragment,268.347,159.247,Cn1,Cymodocea nodosa,Subtidal (Cn),visual_112
CH6,sediment,C2,CH6_33,26,26_3,0.25,transparent,fragment,237.753,117.949,Cn1,Cymodocea nodosa,Subtidal (Cn),visual_113
CH6,sediment,C2,CH6_42,29,29_1,0.25,transparent,line,225.13,71.607,Cn1,Cymodocea nodosa,Subtidal (Cn),visual_114
CH6,sediment,C1,CH6_0,15,15_1,0.5,transparent,fragment,216.807,26.602,Cn1,Cymodocea nodosa,Subtidal (Cn),visual_115
CH6,sediment,C1,CH6_21,22,22_1,0.5,black_grey,line,211.13,4.846,Cn1,Cymodocea nodosa,Subtidal (Cn),visual_116
CH6,sediment,C1,CH6_3,16,16_2,0.5,blue_green,line,202.833,13.889,Cn1,Cymodocea nodosa,Subtidal (Cn),visual_117
CH6,sediment,C1,CH6_9,18,18_1,0.5,orange_pink_red,fragment,198.171,87.622,Cn1,Cymodocea nodosa,Subtidal (Cn),visual_118
CH6,sediment,C1,CH6_27,24,24_1,0.5,black_grey,film,179.201,13.783,Cn1,Cymodocea nodosa,Subtidal (Cn),visual_119
CH6,sediment,C1,CH6_21,22,22_2,0.5,white_cream,foam,171.947,93.831,Cn1,Cymodocea nodosa,Subtidal (Cn),visual_120
CH6,sediment,C2,CH6_33,26,26_1,0.25,black_grey,film,167.102,21.884,Cn1,Cymodocea nodosa,Subtidal (Cn),visual_121
CH6,sediment,C1,CH6_0,15,15_2,0.5,white_cream,foam,157.824,45.639,Cn1,Cymodocea nodosa,Subtidal (Cn),visual_122
CH6,sediment,C2,CH6_42,29,29_1,0.25,yellow,fragment,154.741,18.297,Cn1,Cymodocea nodosa,Subtidal (Cn),visual_123
CH6,sediment,C2,CH6_33,26,26_1,0.25,blue_green,fragment,143.737,36.1,Cn1,Cymodocea nodosa,Subtidal (Cn),visual_124
CH6,sediment,C2,CH6_42,29,29_1,0.25,black_grey,fragment,127.445,80.19,Cn1,Cymodocea nodosa,Subtidal (Cn),visual_125
CH6,sediment,C2,CH6_33,26,26_1,0.25,blue_green,fragment,121.331,73.768,Cn1,Cymodocea nodosa,Subtidal (Cn),visual_126
CH6,sediment,C1,CH6_27,24,24_2,0.5,blue_green,fragment,116.667,51.404,Cn1,Cymodocea nodosa,Subtidal (Cn),visual_127
CH6,sediment,C1,CH6_0,15,15_2,0.5,transparent,fragment,114.094,28.97,Cn1,Cymodocea nodosa,Subtidal (Cn),visual_128
CH6,sediment,C1,CH6_9,18,18_2,0.5,blue_green,fragment,104.573,46.871,Cn1,Cymodocea nodosa,Subtidal (Cn),visual_129
CH6,sediment,C1,CH6_0,15,15_1,0.5,blue_green,film,102.584,15.172,Cn1,Cymodocea nodosa,Subtidal (Cn),visual_130
CH6,sediment,C1,CH6_3,16,16_2,0.5,transparent,fragment,91.814,12.689,Cn1,Cymodocea nodosa,Subtidal (Cn),visual_131
CH6,sediment,C1,CH6_27,24,24_1,0.5,blue_green,fragment,76.333,48.564,Cn1,Cymodocea nodosa,Subtidal (Cn),visual_132
CH6,sediment,C1,CH6_15,20,20_1,0.5,blue_green,film,71.735,65.888,Cn1,Cymodocea nodosa,Subtidal (Cn),visual_133
CH6,sediment,C1,CH6_9,18,18_2,0.5,blue_green,fragment,63.058,35.074,Cn1,Cymodocea nodosa,Subtidal (Cn),visual_134
CH6,sediment,C1,CH6_9,18,18_2,0.5,black_grey,fragment,55.612,42.471,Cn1,Cymodocea nodosa,Subtidal (Cn),visual_135
CH6,sediment,C1,CH6_27,24,24_1,0.5,blue_green,fragment,49.946,36.624,Cn1,Cymodocea nodosa,Subtidal (Cn),visual_136
CH7,sediment,C3,CH7_15,42,42_2,0.25,white_cream,line,4360.209,42.543,Zn3,Zostera noltei,Intertidal (Zn),visual_137
CH7,sediment,C3,CH7_36,49,49_2,0.25,orange_pink_red,line,3624.55,26.994,Zn3,Zostera noltei,Intertidal (Zn),visual_138
CH7,sediment,C2,CH7_6,39,39_1,0.25,blue_green,line,3353.924,19.753,Zn3,Zostera noltei,Intertidal (Zn),visual_139
CH7,sediment,C3,CH7_27,46,46_2,0.25,black_grey,line,2705.366,14.908,Zn3,Zostera noltei,Intertidal (Zn),visual_140
CH7,sediment,C3,CH7_3,38,38_2,0.25,white_cream,line,2120.402,27.241,Zn3,Zostera noltei,Intertidal (Zn),visual_141
CH7,sediment,C3,CH7_24,45,45_2,0.25,white_cream,line,1785.108,15.046,Zn3,Zostera noltei,Intertidal (Zn),visual_142
CH7,sediment,C3,CH7_3,38,38_1,0.25,orange_pink_red,line,1520.092,7.415,Zn3,Zostera noltei,Intertidal (Zn),visual_143
CH7,sediment,C3,CH7_3,38,38_1,0.25,blue_green,line,1468.497,7.025,Zn3,Zostera noltei,Intertidal (Zn),visual_144
CH7,sediment,C3,CH7_27,46,46_1,0.25,transparent,line,1242.357,31.481,Zn3,Zostera noltei,Intertidal (Zn),visual_145
CH7,sediment,C3,CH7_36,49,49_1,0.25,blue_green,line,1166.283,14.126,Zn3,Zostera noltei,Intertidal (Zn),visual_146
CH7,sediment,C2,CH7_0,37,37_1,0.25,blue_green,line,1082.035,22.588,Zn3,Zostera noltei,Intertidal (Zn),visual_147
CH7,sediment,C2,CH7_0,37,37_2,0.25,blue_green,line,1074.761,6.882,Zn3,Zostera noltei,Intertidal (Zn),visual_148
CH7,sediment,C3,CH7_24,45,45_2,0.25,transparent,fragment,954.698,14.359,Zn3,Zostera noltei,Intertidal (Zn),visual_149
CH7,sediment,C3,CH7_3,38,38_2,0.25,white_cream,line,847.405,11.632,Zn3,Zostera noltei,Intertidal (Zn),visual_150
CH7,sediment,C3,CH7_63,62,62_2,0.25,black_grey,line,730.553,17.629,Zn3,Zostera noltei,Intertidal (Zn),visual_151
CH7,sediment,C3,CH7_27,46,46_2,0.25,black_grey,line,675.932,6.74,Zn3,Zostera noltei,Intertidal (Zn),visual_152
CH7,sediment,C2,CH7_6,39,39_1,0.25,blue_green,line,628.032,21.378,Zn3,Zostera noltei,Intertidal (Zn),visual_153
CH7,sediment,C3,CH7_24,45,45_2,0.25,transparent,line,522.403,11.519,Zn3,Zostera noltei,Intertidal (Zn),visual_154
CH7,sediment,C3,CH7_24,45,45_1,0.25,black_grey,fragment,500,330.429,Zn3,Zostera noltei,Intertidal (Zn),visual_155
CH7,sediment,C3,CH7_27,46,46_1,0.25,white_cream,foam,495.923,308.42,Zn3,Zostera noltei,Intertidal (Zn),visual_156
CH7,sediment,C3,CH7_21,44,44_2,0.25,white_cream,fragment,444.836,25.233,Zn3,Zostera noltei,Intertidal (Zn),visual_157
CH7,sediment,C3,CH7_36,49,49_2,0.25,blue_green,line,439.917,14.931,Zn3,Zostera noltei,Intertidal (Zn),visual_158
CH7,sediment,C3,CH7_9,40,40_2,0.25,blue_green,line,425.168,14.515,Zn3,Zostera noltei,Intertidal (Zn),visual_159
CH7,sediment,C2,CH7_0,37,37_2,0.25,orange_pink_red,film,395.864,30.091,Zn3,Zostera noltei,Intertidal (Zn),visual_160
CH7,sediment,C3,CH7_27,46,46_2,0.25,blue_green,film,389.837,18.957,Zn3,Zostera noltei,Intertidal (Zn),visual_161
CH7,sediment,C3,CH7_15,42,42_2,0.25,blue_green,line,384.506,12.697,Zn3,Zostera noltei,Intertidal (Zn),visual_162
CH7,sediment,C3,CH7_24,45,45_2,0.25,white_cream,fragment,316.698,213.511,Zn3,Zostera noltei,Intertidal (Zn),visual_163
CH7,sediment,C3,CH7_24,45,45_2,0.25,white_cream,pellet,311.581,311.642,Zn3,Zostera noltei,Intertidal (Zn),visual_164
CH7,sediment,C3,CH7_24,45,45_2,0.25,transparent,film,309.622,190.316,Zn3,Zostera noltei,Intertidal (Zn),visual_165
CH7,sediment,C2,CH7_6,39,39_1,0.25,blue_green,line,257.329,7.8,Zn3,Zostera noltei,Intertidal (Zn),visual_166
CH7,sediment,C3,CH7_63,62,62_1,0.25,blue_green,line,251.032,22.198,Zn3,Zostera noltei,Intertidal (Zn),visual_167
CH7,sediment,C3,CH7_21,44,44_2,0.25,white_cream,foam,249.814,167.741,Zn3,Zostera noltei,Intertidal (Zn),visual_168
CH7,sediment,C3,CH7_24,45,45_2,0.25,black_grey,line,246.918,5.082,Zn3,Zostera noltei,Intertidal (Zn),visual_169
CH7,sediment,C3,CH7_21,44,44_1,0.25,white_cream,film,245.486,222.959,Zn3,Zostera noltei,Intertidal (Zn),visual_170
CH7,sediment,C3,CH7_24,45,45_2,0.25,transparent,pellet,224.627,127.262,Zn3,Zostera noltei,Intertidal (Zn),visual_171
CH7,sediment,C3,CH7_24,45,45_2,0.25,white_cream,foam,217.091,134.75,Zn3,Zostera noltei,Intertidal (Zn),visual_172
CH7,sediment,C3,CH7_21,44,44_1,0.25,blue_green,fragment,209.874,133.476,Zn3,Zostera noltei,Intertidal (Zn),visual_173
CH7,sediment,C3,CH7_63,62,62_2,0.25,white_cream,foam,202.792,110.256,Zn3,Zostera noltei,Intertidal (Zn),visual_174
CH7,sediment,C3,CH7_3,38,38_2,0.25,black_grey,film,189.249,42.261,Zn3,Zostera noltei,Intertidal (Zn),visual_175
CH7,sediment,C3,CH7_9,40,40_1,0.25,black_grey,film,187.38,106.836,Zn3,Zostera noltei,Intertidal (Zn),visual_176
CH7,sediment,C3,CH7_24,45,45_2,0.25,white_cream,foam,175.812,120.137,Zn3,Zostera noltei,Intertidal (Zn),visual_177
CH7,sediment,C3,CH7_21,44,44_2,0.25,blue_green,line,171.369,20.087,Zn3,Zostera noltei,Intertidal (Zn),visual_178
CH7,sediment,C3,CH7_3,38,38_2,0.25,black_grey,film,153.876,20.56,Zn3,Zostera noltei,Intertidal (Zn),visual_179
CH7,sediment,C3,CH7_27,46,46_2,0.25,blue_green,fragment,147.145,28.757,Zn3,Zostera noltei,Intertidal (Zn),visual_180
CH7,sediment,C3,CH7_27,46,46_1,0.25,blue_green,line,144.457,7.623,Zn3,Zostera noltei,Intertidal (Zn),visual_181
CH7,sediment,C3,CH7_3,38,38_2,0.25,yellow,fragment,136.864,73.054,Zn3,Zostera noltei,Intertidal (Zn),visual_182
CH7,sediment,C3,CH7_3,38,38_2,0.25,blue_green,film,136.481,98.845,Zn3,Zostera noltei,Intertidal (Zn),visual_183
CH7,sediment,C3,CH7_21,44,44_2,0.25,black_grey,film,136.253,95.879,Zn3,Zostera noltei,Intertidal (Zn),visual_184
CH7,sediment,C3,CH7_9,40,40_2,0.25,white_cream,fragment,133.058,25.636,Zn3,Zostera noltei,Intertidal (Zn),visual_185
CH7,sediment,C3,CH7_24,45,45_2,0.25,white_cream,pellet,128.912,123.211,Zn3,Zostera noltei,Intertidal (Zn),visual_186
CH7,sediment,C3,CH7_27,46,46_1,0.25,transparent,film,126.635,113.484,Zn3,Zostera noltei,Intertidal (Zn),visual_187
CH7,sediment,C3,CH7_9,40,40_2,0.25,yellow,fragment,94.247,77.545,Zn3,Zostera noltei,Intertidal (Zn),visual_188
CH7,sediment,C3,CH7_27,46,46_1,0.25,transparent,film,91.559,61.624,Zn3,Zostera noltei,Intertidal (Zn),visual_189
CH7,sediment,C2,CH7_0,37,37_1,0.25,black_grey,line,85.434,31.998,Zn3,Zostera noltei,Intertidal (Zn),visual_190
CH7,sediment,C3,CH7_3,38,38_2,0.25,yellow,foam,83.262,54.105,Zn3,Zostera noltei,Intertidal (Zn),visual_191
CH7,sediment,C3,CH7_24,45,45_2,0.25,blue_green,fragment,83.075,39.771,Zn3,Zostera noltei,Intertidal (Zn),visual_192
CH7,sediment,C3,CH7_24,45,45_2,0.25,blue_green,film,82.762,77.276,Zn3,Zostera noltei,Intertidal (Zn),visual_193
CH7,sediment,C3,CH7_36,49,49_1,0.25,orange_pink_red,pellet,48.933,45.762,Zn3,Zostera noltei,Intertidal (Zn),visual_194
CH8,sediment,C4,CH8_12,67,67_2,0.25,orange_pink_red,line,4689.55,21.675,Cn2,Cymodocea nodosa,Subtidal (Cn),visual_195
CH8,sediment,C4,CH8_6,65,65_2,0.25,black_grey,fragment,4551.928,260.382,Cn2,Cymodocea nodosa,Subtidal (Cn),visual_196
CH8,sediment,C4,CH8_3,64,64_1,0.25,transparent,line,4288.939,18.836,Cn2,Cymodocea nodosa,Subtidal (Cn),visual_197
CH8,sediment,C4,CH8_3,64,64_1,0.25,white_cream,line,3614.53,25.462,Cn2,Cymodocea nodosa,Subtidal (Cn),visual_198
CH8,sediment,C4,CH8_12,67,67_1,0.25,transparent,line,3376.99,17.611,Cn2,Cymodocea nodosa,Subtidal (Cn),visual_199
CH8,sediment,C4,CH8_12,67,67_1,0.25,transparent,line,3296.315,19.016,Cn2,Cymodocea nodosa,Subtidal (Cn),visual_200
CH8,sediment,C5,CH8_63,84,84_1,0.25,blue_green,line,2514.871,12.432,Cn2,Cymodocea nodosa,Subtidal (Cn),visual_201
CH8,sediment,C4,CH8_0,63,63_2,0.25,white_cream,foam,2451.393,751.989,Cn2,Cymodocea nodosa,Subtidal (Cn),visual_202
CH8,sediment,C4,CH8_24,71,71_2,0.25,blue_green,line,2374.286,16.048,Cn2,Cymodocea nodosa,Subtidal (Cn),visual_203
CH8,sediment,C4,CH8_0,63,63_2,0.25,transparent,line,2269.907,57.265,Cn2,Cymodocea nodosa,Subtidal (Cn),visual_204
CH8,sediment,C4,CH8_24,71,71_1,0.25,transparent,line,2141.338,22.936,Cn2,Cymodocea nodosa,Subtidal (Cn),visual_205
CH8,sediment,C4,CH8_24,71,71_2,0.25,black_grey,line,2057.979,12.94,Cn2,Cymodocea nodosa,Subtidal (Cn),visual_206
CH8,sediment,C4,CH8_36,75,75_1,0.25,white_cream,line,2032.46,22.797,Cn2,Cymodocea nodosa,Subtidal (Cn),visual_207
CH8,sediment,C4,CH8_24,71,71_1,0.25,transparent,line,2011.776,21.837,Cn2,Cymodocea nodosa,Subtidal (Cn),visual_208
CH8,sediment,C4,CH8_3,64,64_1,0.25,black_grey,line,1999.541,11.301,Cn2,Cymodocea nodosa,Subtidal (Cn),visual_209
CH8,sediment,C4,CH8_18,69,69_1,0.25,transparent,line,1848.642,20.961,Cn2,Cymodocea nodosa,Subtidal (Cn),visual_210
CH8,sediment,C4,CH8_3,64,64_1,0.25,white_cream,foam,1761.297,1761.297,Cn2,Cymodocea nodosa,Subtidal (Cn),visual_211
CH8,sediment,C4,CH8_12,67,67_1,0.25,black_grey,line,1590.789,19.266,Cn2,Cymodocea nodosa,Subtidal (Cn),visual_212
CH8,sediment,C4,CH8_3,64,64_1,0.25,transparent,line,1352.318,13.354,Cn2,Cymodocea nodosa,Subtidal (Cn),visual_213
CH8,sediment,C4,CH8_18,69,69_1,0.25,orange_pink_red,line,1250.529,16.603,Cn2,Cymodocea nodosa,Subtidal (Cn),visual_214
CH8,sediment,C5,CH8_42,77,77_1,0.25,black_grey,line,1128.874,35.355,Cn2,Cymodocea nodosa,Subtidal (Cn),visual_215
CH8,sediment,C4,CH8_30,73,73_2,0.25,black_grey,line,1066.706,15.972,Cn2,Cymodocea nodosa,Subtidal (Cn),visual_216
CH8,sediment,C4,CH8_6,65,65_2,0.25,blue_green,fragment,1046.401,250.862,Cn2,Cymodocea nodosa,Subtidal (Cn),visual_217
CH8,sediment,C4,CH8_12,67,67_1,0.25,transparent,line,1038.158,18.668,Cn2,Cymodocea nodosa,Subtidal (Cn),visual_218
CH8,sediment,C4,CH8_12,67,67_2,0.25,blue_green,line,742.613,16.242,Cn2,Cymodocea nodosa,Subtidal (Cn),visual_219
CH8,sediment,C4,CH8_12,67,67_1,0.25,white_cream,line,716.852,19.825,Cn2,Cymodocea nodosa,Subtidal (Cn),visual_220
CH8,sediment,C4,CH8_6,65,65_1,0.25,blue_green,line,696.234,31.285,Cn2,Cymodocea nodosa,Subtidal (Cn),visual_221
CH8,sediment,C4,CH8_3,64,64_1,0.25,blue_green,line,674.935,21.441,Cn2,Cymodocea nodosa,Subtidal (Cn),visual_222
CH8,sediment,C4,CH8_12,67,67_1,0.25,blue_green,line,593.645,16.133,Cn2,Cymodocea nodosa,Subtidal (Cn),visual_223
CH8,sediment,C5,CH8_63,84,84_2,0.25,transparent,film,582.098,290.568,Cn2,Cymodocea nodosa,Subtidal (Cn),visual_224
CH8,sediment,C4,CH8_3,64,64_1,0.25,blue_green,line,438.998,19.065,Cn2,Cymodocea nodosa,Subtidal (Cn),visual_225
CH8,sediment,C4,CH8_18,69,69_1,0.25,black_grey,line,419.29,16.692,Cn2,Cymodocea nodosa,Subtidal (Cn),visual_226
CH8,sediment,C4,CH8_36,75,75_2,0.25,blue_green,line,392.802,17.544,Cn2,Cymodocea nodosa,Subtidal (Cn),visual_227
CH8,sediment,C4,CH8_18,69,69_1,0.25,black_grey,line,360.19,50.077,Cn2,Cymodocea nodosa,Subtidal (Cn),visual_228
CH8,sediment,C4,CH8_18,69,69_2,0.25,yellow,line,335.247,30.233,Cn2,Cymodocea nodosa,Subtidal (Cn),visual_229
CH8,sediment,C4,CH8_24,71,71_2,0.25,orange_pink_red,film,329.956,42.689,Cn2,Cymodocea nodosa,Subtidal (Cn),visual_230
CH8,sediment,C5,CH8_42,77,77_2,0.25,orange_pink_red,fragment,317.141,188.447,Cn2,Cymodocea nodosa,Subtidal (Cn),visual_231
CH8,sediment,C4,CH8_24,71,71_2,0.25,blue_green,line,312.544,16.269,Cn2,Cymodocea nodosa,Subtidal (Cn),visual_232
CH8,sediment,C4,CH8_3,64,64_1,0.25,blue_green,line,298.292,19.87,Cn2,Cymodocea nodosa,Subtidal (Cn),visual_233
CH8,sediment,C4,CH8_24,71,71_2,0.25,brown_tan,line,297.894,11.848,Cn2,Cymodocea nodosa,Subtidal (Cn),visual_234
CH8,sediment,C5,CH8_63,84,84_1,0.25,yellow,fragment,280.119,49.919,Cn2,Cymodocea nodosa,Subtidal (Cn),visual_235
CH8,sediment,C4,CH8_6,65,65_1,0.25,blue_green,fragment,267.65,79.134,Cn2,Cymodocea nodosa,Subtidal (Cn),visual_236
CH8,sediment,C4,CH8_6,65,65_1,0.25,blue_green,line,234.914,13.27,Cn2,Cymodocea nodosa,Subtidal (Cn),visual_237
CH8,sediment,C4,CH8_12,67,67_1,0.25,blue_green,line,231.14,14.215,Cn2,Cymodocea nodosa,Subtidal (Cn),visual_238
CH8,sediment,C4,CH8_3,64,64_1,0.25,black_grey,line,230.139,7.966,Cn2,Cymodocea nodosa,Subtidal (Cn),visual_239
CH8,sediment,C5,CH8_63,84,84_1,0.25,blue_green,line,215.67,20.328,Cn2,Cymodocea nodosa,Subtidal (Cn),visual_240
CH8,sediment,C4,CH8_0,63,63_2,0.25,white_cream,fragment,198.684,127.983,Cn2,Cymodocea nodosa,Subtidal (Cn),visual_241
CH8,sediment,C4,CH8_12,67,67_2,0.25,blue_green,line,159.747,15.065,Cn2,Cymodocea nodosa,Subtidal (Cn),visual_242
CH8,sediment,C4,CH8_30,73,73_1,0.25,black_grey,line,134.282,7.738,Cn2,Cymodocea nodosa,Subtidal (Cn),visual_243
CH8,sediment,C4,CH8_12,67,67_2,0.25,blue_green,fragment,127.258,38.258,Cn2,Cymodocea nodosa,Subtidal (Cn),visual_244
CH8,sediment,C4,CH8_3,64,64_2,0.25,orange_pink_red,fragment,122.722,30.604,Cn2,Cymodocea nodosa,Subtidal (Cn),visual_245
CH8,sediment,C4,CH8_6,65,65_1,0.25,blue_green,fragment,106.661,35.032,Cn2,Cymodocea nodosa,Subtidal (Cn),visual_246
CH8,sediment,C4,CH8_30,73,73_1,0.25,black_grey,line,100.678,6.702,Cn2,Cymodocea nodosa,Subtidal (Cn),visual_247
CH8,sediment,C4,CH8_30,73,73_2,0.25,blue_green,line,93.777,10.4,Cn2,Cymodocea nodosa,Subtidal (Cn),visual_248
CH9,sediment,C8,CH9_27,163,163_2,0.25,black_grey,line,4754.071,16.848,Cn3,Cymodocea nodosa,Subtidal (Cn),visual_249
CH9,sediment,C8,CH9_33,165,165_1,0.25,blue_green,fragment,2734.35,59.281,Cn3,Cymodocea nodosa,Subtidal (Cn),visual_250
CH9,sediment,C7,CH9_0,154,154_1,0.25,blue_green,line,2550.702,34.963,Cn3,Cymodocea nodosa,Subtidal (Cn),visual_251
CH9,sediment,C7,CH9_0,154,154_1,0.25,black_grey,line,2199.623,27.97,Cn3,Cymodocea nodosa,Subtidal (Cn),visual_252
CH9,sediment,C7,CH9_0,154,154_2,0.25,transparent,line,2065.082,30.166,Cn3,Cymodocea nodosa,Subtidal (Cn),visual_253
CH9,sediment,C8,CH9_12,158,158_1,0.25,blue_green,line,1851.469,12.505,Cn3,Cymodocea nodosa,Subtidal (Cn),visual_254
CH9,sediment,C7,CH9_6,156,156_2,0.25,yellow,line,1723.076,21.838,Cn3,Cymodocea nodosa,Subtidal (Cn),visual_255
CH9,sediment,C7,CH9_6,156,156_1,0.25,blue_green,fragment,737.766,201.845,Cn3,Cymodocea nodosa,Subtidal (Cn),visual_256
CH9,sediment,C8,CH9_36,166,166_2,0.25,black_grey,film,706.965,295.505,Cn3,Cymodocea nodosa,Subtidal (Cn),visual_257
CH9,sediment,C8,CH9_33,165,165_2,0.25,blue_green,fragment,588.033,17.832,Cn3,Cymodocea nodosa,Subtidal (Cn),visual_258
CH9,sediment,C8,CH9_12,158,158_1,0.25,black_grey,line,546.302,11.451,Cn3,Cymodocea nodosa,Subtidal (Cn),visual_259
CH9,sediment,C8,CH9_36,166,166_2,0.25,orange_pink_red,line,510.311,48.709,Cn3,Cymodocea nodosa,Subtidal (Cn),visual_260
CH9,sediment,C8,CH9_33,165,165_1,0.25,blue_green,fragment,348.387,46.334,Cn3,Cymodocea nodosa,Subtidal (Cn),visual_261
CH9,sediment,C8,CH9_30,164,164_1,0.25,blue_green,line,339.79,18.965,Cn3,Cymodocea nodosa,Subtidal (Cn),visual_262
CH9,sediment,C8,CH9_24,162,162_1,0.25,orange_pink_red,fragment,286.258,28.797,Cn3,Cymodocea nodosa,Subtidal (Cn),visual_263
CH9,sediment,C7,CH9_0,154,154_2,0.25,black_grey,line,273.381,10.605,Cn3,Cymodocea nodosa,Subtidal (Cn),visual_264
CH9,sediment,C8,CH9_18,160,160_1,0.25,blue_green,line,270.911,8.666,Cn3,Cymodocea nodosa,Subtidal (Cn),visual_265
CH9,sediment,C8,CH9_18,160,160_1,0.25,brown_tan,line,239.627,9.951,Cn3,Cymodocea nodosa,Subtidal (Cn),visual_266
CH9,sediment,C8,CH9_30,164,164_1,0.25,white_cream,line,194.613,24.306,Cn3,Cymodocea nodosa,Subtidal (Cn),visual_267
CH9,sediment,C8,CH9_27,163,163_1,0.25,blue_green,line,137.379,15.335,Cn3,Cymodocea nodosa,Subtidal (Cn),visual_268
CH9,sediment,C8,CH9_36,166,166_2,0.25,blue_green,fragment,84.837,29.482,Cn3,Cymodocea nodosa,Subtidal (Cn),visual_269
CH9,sediment,C8,CH9_33,165,165_2,0.25,blue_green,line,79.263,39.145,Cn3,Cymodocea nodosa,Subtidal (Cn),visual_270
CH9,sediment,C8,CH9_24,162,162_1,0.25,blue_green,line,76.656,11.972,Cn3,Cymodocea nodosa,Subtidal (Cn),visual_271
CH9,sediment,C8,CH9_33,165,165_2,0.25,white_cream,line,71.597,34.175,Cn3,Cymodocea nodosa,Subtidal (Cn),visual_272
CH9,sediment,C7,CH9_6,156,156_2,0.25,blue_green,fragment,65.485,42.435,Cn3,Cymodocea nodosa,Subtidal (Cn),visual_273
CH9,sediment,C7,CH9_6,156,156_1,0.25,blue_green,fragment,62.601,32.9,Cn3,Cymodocea nodosa,Subtidal (Cn),visual_274
CH9,sediment,C8,CH9_36,166,166_2,0.25,blue_green,fragment,55.158,36.933,Cn3,Cymodocea nodosa,Subtidal (Cn),visual_275
