"","filter_id","core_id","ftir_id","cycle","type","sample_id","num_ftir","colour","shape","ref_analysis","atr_analysis","ftir_match_ref","match_ref","ftir_match_atr","match_atr","plastic_ref","polymer_group_ref","plastic_atr","polymer_group_atr","ftir_match_final","plastic_final","final_analysys","polymer_group_final","core_id_new","species","habitat_label","filter_area"
"1","104_1","CH4","ftir_94","C6","sediment","CH4_54","1","blue_green","line","yes","no","(1S)-(-)-CAMPHOR P-TOSYLHYDRAZONE",62.4,NA,NA,"no","Non-plastic",NA,NA,"(1S)-(-)-CAMPHOR P-TOSYLHYDRAZONE","no","ref","Non-plastic","Zn2","Zostera noltei","Intertidal (Zn)",0.25
"2","107_2","CH1","ftir_26","C6","sediment","CH1_0","1","black_grey","line","yes","no","POLY(TETRAFLUOROETHYLENE:PROPENE)",41.58,NA,NA,"yes","Polyhaloolefins",NA,NA,"unclear","unclear","ref","Polyhaloolefins","Zn1","Zostera noltei","Intertidal (Zn)",0.25
"3","107_2","CH1","ftir_27","C6","sediment","CH1_0","2","blue_green","line","yes","no","POLY(TETRAFLUOROETHYLENE:PROPENE)",35.82,NA,NA,"yes","Polyhaloolefins",NA,NA,"unclear","unclear","ref","Polyhaloolefins","Zn1","Zostera noltei","Intertidal (Zn)",0.25
"4","109_1","CH1","ftir_29","C6","sediment","CH1_6","2","blue_green","line","yes","no","polyester - Trevira - CTS #348",54.64,NA,NA,"yes","Polyesters",NA,NA,"polyester - Trevira - CTS #348","yes","ref","Polyesters","Zn1","Zostera noltei","Intertidal (Zn)",0.25
"5","109_1","CH1","ftir_30","C6","sediment","CH1_6","3","black_grey","line","yes","no","Grossular",56.55,NA,NA,"no","Non-plastic",NA,NA,"Grossular","no","ref","Non-plastic","Zn1","Zostera noltei","Intertidal (Zn)",0.25
"6","109_1","CH1","ftir_31","C6","sediment","CH1_6","4","black_grey","line","yes","no","Albite",35.26,NA,NA,"no","Non-plastic",NA,NA,"unclear","unclear","ref","Non-plastic","Zn1","Zostera noltei","Intertidal (Zn)",0.25
"7","109_1","CH1","ftir_28","C6","sediment","CH1_6","1","black_grey","line","yes","no","BERZELLITE",32.37,NA,NA,"no","Non-plastic",NA,NA,"unclear","unclear","ref","Non-plastic","Zn1","Zostera noltei","Intertidal (Zn)",0.25
"8","109_2","CH1","ftir_32","C6","sediment","CH1_6","1","yellow","line","yes","no","ACRYLIC [POLY(AN:MMA",62.47,NA,NA,"yes","Polyacrylates",NA,NA,"ACRYLIC [POLY(AN:MMA","yes","ref","Polyacrylates","Zn1","Zostera noltei","Intertidal (Zn)",0.25
"9","109_2","CH1","ftir_33","C6","sediment","CH1_6","2","blue_green","line","yes","no","PP sheet 7 (20um ap; 64 co-scans)",65.55,NA,NA,"yes","Polypropylene",NA,NA,"PP sheet 7 (20um ap; 64 co-scans)","yes","ref","Polypropylene","Zn1","Zostera noltei","Intertidal (Zn)",0.25
"10","109_2","CH1","ftir_34","C6","sediment","CH1_6","3","transparent","line","yes","no","acrylique - Acrilan 16 - McCrone #17",59.11,NA,NA,"yes","Polyacrylates",NA,NA,"acrylique - Acrilan 16 - McCrone #17","yes","ref","Polyacrylates","Zn1","Zostera noltei","Intertidal (Zn)",0.25
"11","111_1","CH1","ftir_35","C6","sediment","CH1_12","1","transparent","line","yes","no","ACRYLIC [POLY(AN:MA",76.56,NA,NA,"yes","Polyacrylates",NA,NA,"ACRYLIC [POLY(AN:MA","yes","ref","Polyacrylates","Zn1","Zostera noltei","Intertidal (Zn)",0.25
"12","111_1","CH1","ftir_36","C6","sediment","CH1_12","2","transparent","line","yes","no","Hemimorphite",39.14,NA,NA,"no","Non-plastic",NA,NA,"unclear","unclear","ref","Non-plastic","Zn1","Zostera noltei","Intertidal (Zn)",0.25
"13","111_1","CH1","ftir_38","C6","sediment","CH1_12","4","blue_green","line","yes","no","PYRROLE, 98%",35.05,NA,NA,"no","Non-plastic",NA,NA,"unclear","unclear","ref","Non-plastic","Zn1","Zostera noltei","Intertidal (Zn)",0.25
"14","111_1","CH1","ftir_37","C6","sediment","CH1_12","3","transparent","line","yes","no","FLURAZEPAM IN KBR",45.17,NA,NA,"no","Non-plastic",NA,NA,"unclear","unclear","ref","Non-plastic","Zn1","Zostera noltei","Intertidal (Zn)",0.25
"15","111_2","CH1","ftir_39","C6","sediment","CH1_12","1","yellow","line","yes","no","LSD TARTRATE IN KBR",40.57,NA,NA,"no","Non-plastic",NA,NA,"unclear","unclear","ref","Non-plastic","Zn1","Zostera noltei","Intertidal (Zn)",0.25
"16","111_2","CH1","ftir_40","C6","sediment","CH1_12","2","transparent","line","yes","no","BENZAMIDE, 99%",46.88,NA,NA,"no","Non-plastic",NA,NA,"unclear","unclear","ref","Non-plastic","Zn1","Zostera noltei","Intertidal (Zn)",0.25
"17","113_1","CH1","ftir_41","C6","sediment","CH1_18","1","black_grey","line","yes","no","INOSITOL POWDER IN KBR",38.55,NA,NA,"no","Non-plastic",NA,NA,"unclear","unclear","ref","Non-plastic","Zn1","Zostera noltei","Intertidal (Zn)",0.25
"18","115_1","CH1","ftir_42","C7","sediment","CH1_24","1","blue_green","fragment","yes","yes","PP 1 (sieved 150um; ap 20um; 64 co-scans)",41.22,"POLY(PROPYLENE), ATACTIC",60.25,"yes","Polypropylene","yes","Polypropylene","POLY(PROPYLENE), ATACTIC","yes","both-but-atr-more-conclusive","Polypropylene","Zn1","Zostera noltei","Intertidal (Zn)",0.25
"19","115_1","CH1","ftir_43","C7","sediment","CH1_24","2","blue_green","line","yes","no","PP 1 (sieved 150um; ap 50um; 64 co-scans)",44.26,NA,NA,"yes","Polypropylene",NA,NA,"unclear","unclear","ref","Polypropylene","Zn1","Zostera noltei","Intertidal (Zn)",0.25
"20","115_1","CH1","ftir_44","C7","sediment","CH1_24","3","transparent","line","yes","no","POLYACRYLAMIDE, HIGH CARBOXYL CONT.",37.02,NA,NA,"yes","Polyacrylamides",NA,NA,"unclear","unclear","ref","Polyacrylamides","Zn1","Zostera noltei","Intertidal (Zn)",0.25
"21","116_1","CH1","ftir_46","C7","sediment","CH1_27","2","transparent","line","yes","no","POLY(METHYLPHENYLSILOXANE)",36.38,NA,NA,"yes","Silicones",NA,NA,"unclear","unclear","ref","Silicones","Zn1","Zostera noltei","Intertidal (Zn)",0.25
"22","116_1","CH1","ftir_47","C7","sediment","CH1_27","3","transparent","line","yes","no","LSD TARTRATE IN KBR Georgia State",49.64,NA,NA,"no","Non-plastic",NA,NA,"unclear","unclear","ref","Non-plastic","Zn1","Zostera noltei","Intertidal (Zn)",0.25
"23","116_1","CH1","ftir_48","C7","sediment","CH1_27","4","blue_green","fragment","yes","no","RAW MATERIAL FOR CERAMICS (Clay marl)",47.08,NA,NA,"no","Non-plastic",NA,NA,"unclear","unclear","ref","Non-plastic","Zn1","Zostera noltei","Intertidal (Zn)",0.25
"24","116_1","CH1","ftir_45","C7","sediment","CH1_27","1","blue_green","line","yes","no","PYRAZOLE, 98%",30.79,NA,NA,"no","Non-plastic",NA,NA,"unclear","unclear","ref","Non-plastic","Zn1","Zostera noltei","Intertidal (Zn)",0.25
"25","116_1","CH1","ftir_49","C7","sediment","CH1_27","5","transparent","line","yes","no","POLY(VINYL PROPIONATE/ACETATE)",75.76,NA,NA,"yes","Other",NA,NA,"POLY(VINYL PROPIONATE/ACETATE)","yes","ref","Other","Zn1","Zostera noltei","Intertidal (Zn)",0.25
"26","116_2","CH1","ftir_51","C7","sediment","CH1_27","2","blue_green","line","yes","no","BARYUM SULFATE(BASO4)",61.85,NA,NA,"no","Non-plastic",NA,NA,"BARYUM SULFATE(BASO4)","no","ref","Non-plastic","Zn1","Zostera noltei","Intertidal (Zn)",0.25
"27","116_2","CH1","ftir_52","C7","sediment","CH1_27","3","orange_pink_red","line","yes","no","polyester - Trevira - CTS #348",49.61,NA,NA,"yes","Polyesters",NA,NA,"unclear","unclear","ref","Polyesters","Zn1","Zostera noltei","Intertidal (Zn)",0.25
"28","116_2","CH1","ftir_50","C7","sediment","CH1_27","1","black_grey","line","yes","no","Alunite; Potassuim alunite, synthetic",56.03,NA,NA,"no","Non-plastic",NA,NA,"Alunite; Potassuim alunite, synthetic","no","ref","Non-plastic","Zn1","Zostera noltei","Intertidal (Zn)",0.25
"29","117_1","CH1","ftir_53","C7","sediment","CH1_30","1","transparent","line","yes","no","POLYAMIDE 6",43.18,NA,NA,"yes","Nylon-polyamides",NA,NA,"unclear","unclear","ref","Nylon-polyamides","Zn1","Zostera noltei","Intertidal (Zn)",0.25
"30","117_1","CH1","ftir_54","C7","sediment","CH1_30","2","blue_green","fragment","yes","yes","DIPHENYLHYDANTOIN IN KBR",56.29,"POLY(ETHYLENE), LOW DENSITY",69.08,"no","Non-plastic","yes","Polyethylene","POLY(ETHYLENE), LOW DENSITY","yes","both-but-atr-more-conclusive","Polyethylene","Zn1","Zostera noltei","Intertidal (Zn)",0.25
"31","117_1","CH1","ftir_55","C7","sediment","CH1_30","3","transparent","line","yes","no","polypropylene - Courlene Py - McCrone #12",53.29,NA,NA,"yes","Polypropylene",NA,NA,"polypropylene - Courlene Py - McCrone #12","yes","ref","Polypropylene","Zn1","Zostera noltei","Intertidal (Zn)",0.25
"32","117_2","CH1","ftir_57","C7","sediment","CH1_30","2","blue_green","fragment","yes","no","CALCITE + VATERITE >> PROTEINS",53.38,NA,NA,"no","Non-plastic",NA,NA,"CALCITE + VATERITE >> PROTEINS","no","ref","Non-plastic","Zn1","Zostera noltei","Intertidal (Zn)",0.25
"33","117_2","CH1","ftir_56","C7","sediment","CH1_30","1","black_grey","line","yes","no","PP sheet 7 (20um ap; 64 co-scans)",31.27,NA,NA,"yes","Polypropylene",NA,NA,"unclear","unclear","ref","Polypropylene","Zn1","Zostera noltei","Intertidal (Zn)",0.25
"34","119_1","CH1","ftir_60","C7","sediment","CH1_36","3","black_grey","line","yes","no","4-BROMOPHENYL DISULFIDE",35.43,NA,NA,"no","Non-plastic",NA,NA,"unclear","unclear","ref","Non-plastic","Zn1","Zostera noltei","Intertidal (Zn)",0.25
"35","119_1","CH1","ftir_59","C7","sediment","CH1_36","2","black_grey","line","yes","no","2-PHENYLPHENOL, SODIUM SALT TETRAHYDRATE, TECH., 90%",33.73,NA,NA,"no","Non-plastic",NA,NA,"unclear","unclear","ref","Non-plastic","Zn1","Zostera noltei","Intertidal (Zn)",0.25
"36","119_1","CH1","ftir_61","C7","sediment","CH1_36","4","blue_green","fragment","yes","no","DOLOMITE; PENFIELD,NEW YORK",51.86,NA,NA,"no","Non-plastic",NA,NA,"DOLOMITE; PENFIELD,NEW YORK","no","ref","Non-plastic","Zn1","Zostera noltei","Intertidal (Zn)",0.25
"37","119_1","CH1","ftir_58","C7","sediment","CH1_36","1","blue_green","fragment","yes","no","Kaolinite (poorly crystallized)",30.59,NA,NA,"no","Non-plastic",NA,NA,"unclear","unclear","ref","Non-plastic","Zn1","Zostera noltei","Intertidal (Zn)",0.25
"38","123_1","CH1","ftir_64","C7","sediment","CH1_48","3","blue_green","line","yes","no","1,6-HEPTADIEN-4-OL, 97%",46.52,NA,NA,"no","Non-plastic",NA,NA,"unclear","unclear","ref","Non-plastic","Zn1","Zostera noltei","Intertidal (Zn)",0.25
"39","123_1","CH1","ftir_62","C7","sediment","CH1_48","1","black_grey","line","yes","no","PERCHLORATE; AMMONIUM",45.4,NA,NA,"no","Non-plastic",NA,NA,"unclear","unclear","ref","Non-plastic","Zn1","Zostera noltei","Intertidal (Zn)",0.25
"40","123_1","CH1","ftir_63","C7","sediment","CH1_48","2","black_grey","line","yes","no","CELLOPHANE",37.89,NA,NA,"no","Non-plastic",NA,NA,"unclear","unclear","ref","Non-plastic","Zn1","Zostera noltei","Intertidal (Zn)",0.25
"41","132_2","CH1","ftir_66","C7","sediment","CH1_75","2","black_grey","line","yes","no","DIIODOMETHANE, 99%",37.8,NA,NA,"no","Non-plastic",NA,NA,"unclear","unclear","ref","Non-plastic","Zn1","Zostera noltei","Intertidal (Zn)",0.25
"42","132_2","CH1","ftir_67","C7","sediment","CH1_75","3","blue_green","line","yes","no","NATROLITE IN KBR, INDIA: H & S 169B",25.26,NA,NA,"no","Non-plastic",NA,NA,"unclear","unclear","ref","Non-plastic","Zn1","Zostera noltei","Intertidal (Zn)",0.25
"43","132_2","CH1","ftir_65","C7","sediment","CH1_75","1","orange_pink_red","line","yes","no","THIOPHENOL, 99+%, GOLD LABEL",32.22,NA,NA,"no","Non-plastic",NA,NA,"unclear","unclear","ref","Non-plastic","Zn1","Zostera noltei","Intertidal (Zn)",0.25
"44","15_1","CH6","ftir_97","C1","sediment","CH6_0","4","white_cream","fragment","yes","no","CHLOROFORM, 99+%, SPECTROPHOTOMETRIC GRADE",73.22,NA,NA,"no","Non-plastic",NA,NA,"CHLOROFORM, 99+%, SPECTROPHOTOMETRIC GRADE","no","ref","Non-plastic","Cn1","Cymodocea nodosa","Subtidal (Cn)",0.5
"45","15_1","CH6","ftir_95","C1","sediment","CH6_0","1","blue_green","film","yes","no","CHLOROFORM, 99+%, SPECTROPHOTOMETRIC GRADE",33.22,NA,NA,"no","Non-plastic",NA,NA,"unclear","unclear","ref","Non-plastic","Cn1","Cymodocea nodosa","Subtidal (Cn)",0.5
"46","15_1","CH6","ftir_98","C1","sediment","CH6_0","5","white_cream","fragment","yes","no","Cellulose Microscope Reflection",49.25,NA,NA,"no","Non-plastic",NA,NA,"unclear","unclear","ref","Non-plastic","Cn1","Cymodocea nodosa","Subtidal (Cn)",0.5
"47","15_1","CH6","ftir_96","C1","sediment","CH6_0","3","white_cream","film","yes","no","Cellulose Microscope Reflection",38.13,NA,NA,"no","Non-plastic",NA,NA,"unclear","unclear","ref","Non-plastic","Cn1","Cymodocea nodosa","Subtidal (Cn)",0.5
"48","15_2","CH6","ftir_99","C1","sediment","CH6_0","1","yellow","fragment","yes","no","olivine",57.11,NA,NA,"no","Non-plastic",NA,NA,"olivine","no","ref","Non-plastic","Cn1","Cymodocea nodosa","Subtidal (Cn)",0.5
"49","154_1","CH9","ftir_235","C7","sediment","CH9_0","1","black_grey","line","yes","no","PP sheet 6 (20um ap; 64 co-scans)",49.53,NA,NA,"yes","Polypropylene",NA,NA,"unclear","unclear","ref","Polypropylene","Cn3","Cymodocea nodosa","Subtidal (Cn)",0.25
"50","154_1","CH9","ftir_236","C7","sediment","CH9_0","2","black_grey","line","yes","no","Cellulose Microscope Reflection",38.93,NA,NA,"no","Non-plastic",NA,NA,"unclear","unclear","ref","Non-plastic","Cn3","Cymodocea nodosa","Subtidal (Cn)",0.25
"51","154_2","CH9","ftir_237","C7","sediment","CH9_0","1","transparent","line","yes","no","POLY(VINYL PROPIONATE/ACETATE)",62.07,NA,NA,"yes","Other",NA,NA,"POLY(VINYL PROPIONATE/ACETATE)","yes","ref","Other","Cn3","Cymodocea nodosa","Subtidal (Cn)",0.25
"52","154_2","CH9","ftir_238","C7","sediment","CH9_0","2","black_grey","line","yes","no","Cellulose Microscope Reflection",41.6,NA,NA,"no","Non-plastic",NA,NA,"unclear","unclear","ref","Non-plastic","Cn3","Cymodocea nodosa","Subtidal (Cn)",0.25
"53","156_1","CH9","ftir_239","C7","sediment","CH9_6","1","blue_green","line","yes","no","PP 4 (sieved 150um; ap 20um; 64 co-scans)",45.55,NA,NA,"yes","Polypropylene",NA,NA,"unclear","unclear","ref","Polypropylene","Cn3","Cymodocea nodosa","Subtidal (Cn)",0.25
"54","156_2","CH9","ftir_240","C7","sediment","CH9_6","1","blue_green","line","yes","no","CALCITE (95) + GYPSUM + PROTEINS",42.87,NA,NA,"no","Non-plastic",NA,NA,"unclear","unclear","ref","Non-plastic","Cn3","Cymodocea nodosa","Subtidal (Cn)",0.25
"55","156_2","CH9","ftir_241","C7","sediment","CH9_6","2","yellow","line","yes","no","ACRYLIC [POLY(AN:VA:MVP",76.94,NA,NA,"yes","Polyacrylates",NA,NA,"ACRYLIC [POLY(AN:VA:MVP","yes","ref","Polyacrylates","Cn3","Cymodocea nodosa","Subtidal (Cn)",0.25
"56","158_1","CH9","ftir_242","C8","sediment","CH9_12","1","blue_green","line","yes","no","polyester - Trevira - CTS #348",53.22,NA,NA,"yes","Polyesters",NA,NA,"polyester - Trevira - CTS #348","yes","ref","Polyesters","Cn3","Cymodocea nodosa","Subtidal (Cn)",0.25
"57","16_1","CH6","ftir_101","C1","sediment","CH6_3","2","white_cream","pellet","yes","no","Cellulose Microscope Reflection",32.96,NA,NA,"no","Non-plastic",NA,NA,"unclear","unclear","ref","Non-plastic","Cn1","Cymodocea nodosa","Subtidal (Cn)",0.5
"58","16_1","CH6","ftir_100","C1","sediment","CH6_3","1","black_grey","line","yes","no","Talc",46.19,NA,NA,"no","Non-plastic",NA,NA,"unclear","unclear","ref","Non-plastic","Cn1","Cymodocea nodosa","Subtidal (Cn)",0.5
"59","16_2","CH6","ftir_102","C1","sediment","CH6_3","1","black_grey","line","yes","no","Cellulose Microscope Reflection",47.3,NA,NA,"no","Non-plastic",NA,NA,"unclear","unclear","ref","Non-plastic","Cn1","Cymodocea nodosa","Subtidal (Cn)",0.5
"60","16_2","CH6","ftir_103","C1","sediment","CH6_3","2","blue_green","line","yes","no","Pentachloroethane",50.66,NA,NA,"no","Non-plastic",NA,NA,"Pentachloroethane","no","ref","Non-plastic","Cn1","Cymodocea nodosa","Subtidal (Cn)",0.5
"61","16_2","CH6","ftir_104","C1","sediment","CH6_3","3","white_cream","pellet","yes","yes","CHLOROFORM, 99+%, SPECTROPHOTOMETRIC GRADE",65.7,"MUSCOVITE, Licenced to L´oreal France",69.99,"no","Non-plastic","no","Non-plastic","MUSCOVITE, Licenced to L´oreal France","no","both-but-atr-more-conclusive","Non-plastic","Cn1","Cymodocea nodosa","Subtidal (Cn)",0.5
"62","16_2","CH6","ftir_105","C1","sediment","CH6_3","4","white_cream","film","yes","no","CARBONATE; BARIUM",53.08,NA,NA,"no","Non-plastic",NA,NA,"CARBONATE; BARIUM","no","ref","Non-plastic","Cn1","Cymodocea nodosa","Subtidal (Cn)",0.5
"63","160_1","CH9","ftir_243","C8","sediment","CH9_18","1","blue_green","line","yes","no","BENZENESULFONIC ACID, TECH., 90%",34.71,NA,NA,"no","Non-plastic",NA,NA,"unclear","unclear","ref","Non-plastic","Cn3","Cymodocea nodosa","Subtidal (Cn)",0.25
"64","160_1","CH9","ftir_244","C8","sediment","CH9_18","2","brown_tan","line","yes","no","ARDEL D-100 POLYARYLATE",31.88,NA,NA,"yes","Polyesters",NA,NA,"unclear","unclear","ref","Polyesters","Cn3","Cymodocea nodosa","Subtidal (Cn)",0.25
"65","162_1","CH9","ftir_245","C8","sediment","CH9_24","1","orange_pink_red","line","yes","no","PP sheet (20um ap; 64 co-scans)10 spectra: Average",81.59,NA,NA,"yes","Polypropylene",NA,NA,"PP sheet (20um ap; 64 co-scans)10 spectra: Average","yes","ref","Polypropylene","Cn3","Cymodocea nodosa","Subtidal (Cn)",0.25
"66","162_1","CH9","ftir_246","C8","sediment","CH9_24","2","blue_green","line","yes","no","CELLOPHANE",37.99,NA,NA,"no","Non-plastic",NA,NA,"unclear","unclear","ref","Non-plastic","Cn3","Cymodocea nodosa","Subtidal (Cn)",0.25
"67","163_1","CH9","ftir_247","C8","sediment","CH9_27","1","blue_green","line","yes","no","CELLOPHANE",35.78,NA,NA,"no","Non-plastic",NA,NA,"unclear","unclear","ref","Non-plastic","Cn3","Cymodocea nodosa","Subtidal (Cn)",0.25
"68","163_2","CH9","ftir_248","C8","sediment","CH9_27","1","blue_green","line","yes","no","polyester - Trevira - CTS #348",46.64,NA,NA,"yes","Polyesters",NA,NA,"unclear","unclear","ref","Polyesters","Cn3","Cymodocea nodosa","Subtidal (Cn)",0.25
"69","164_1","CH9","ftir_249","C8","sediment","CH9_30","1","blue_green","line","yes","no","polyester - Trevira - CTS #348",62.43,NA,NA,"yes","Polyesters",NA,NA,"polyester - Trevira - CTS #348","yes","ref","Polyesters","Cn3","Cymodocea nodosa","Subtidal (Cn)",0.25
"70","164_1","CH9","ftir_250","C8","sediment","CH9_30","2","blue_green","line","yes","no","Cellulose Microscope Reflection",49.58,NA,NA,"no","Non-plastic",NA,NA,"unclear","unclear","ref","Non-plastic","Cn3","Cymodocea nodosa","Subtidal (Cn)",0.25
"71","165_1","CH9","ftir_251","C8","sediment","CH9_33","1","blue_green","fragment","yes","no","POLYPROPYLENE LIGATURE",65.12,NA,NA,"yes","Polypropylene",NA,NA,"POLYPROPYLENE LIGATURE","yes","ref","Polypropylene","Cn3","Cymodocea nodosa","Subtidal (Cn)",0.25
"72","165_2","CH9","ftir_252","C8","sediment","CH9_33","1","blue_green","line","yes","no","CELLOPHANE",46.35,NA,NA,"no","Non-plastic",NA,NA,"unclear","unclear","ref","Non-plastic","Cn3","Cymodocea nodosa","Subtidal (Cn)",0.25
"73","165_2","CH9","ftir_253","C8","sediment","CH9_33","2","black_grey","line","yes","no","Cellulose Microscope Reflection",61.59,NA,NA,"no","Non-plastic",NA,NA,"Cellulose Microscope Reflection","no","ref","Non-plastic","Cn3","Cymodocea nodosa","Subtidal (Cn)",0.25
"74","166_2","CH9","ftir_254","C8","sediment","CH9_36","1","blue_green","fragment","yes","no","METHYL ALCOHOL, 99.9%, SPECTROPHOTOMETRIC GRADE",39.51,NA,NA,"no","Non-plastic",NA,NA,"unclear","unclear","ref","Non-plastic","Cn3","Cymodocea nodosa","Subtidal (Cn)",0.25
"75","166_2","CH9","ftir_255","C8","sediment","CH9_36","2","black_grey","film","yes","no","2,4,6-TRICHLOROPHENOL, 98%",45.64,NA,NA,"no","Non-plastic",NA,NA,"unclear","unclear","ref","Non-plastic","Cn3","Cymodocea nodosa","Subtidal (Cn)",0.25
"76","166_2","CH9","ftir_256","C8","sediment","CH9_36","3","blue_green","line","yes","no","PP 1 (sieved 150um; ap 50um; 64 co-scans)",53.73,NA,NA,"yes","Polypropylene",NA,NA,"PP 1 (sieved 150um; ap 50um; 64 co-scans)","yes","ref","Polypropylene","Cn3","Cymodocea nodosa","Subtidal (Cn)",0.25
"77","166_2","CH9","ftir_257","C8","sediment","CH9_36","4","orange_pink_red","line","yes","no","POLYPROPYLENE LIGATURE",68.28,NA,NA,"yes","Polypropylene",NA,NA,"POLYPROPYLENE LIGATURE","yes","ref","Polypropylene","Cn3","Cymodocea nodosa","Subtidal (Cn)",0.25
"78","18_1","CH6","ftir_106","C1","sediment","CH6_9","1","transparent","fragment","yes","yes","ZANAZZITE, Licenced to L´oreal France",44.81,"Clinochlore",58.52,"no","Non-plastic","no","Non-plastic","Clinochlore","no","both-but-atr-more-conclusive","Non-plastic","Cn1","Cymodocea nodosa","Subtidal (Cn)",0.5
"79","18_1","CH6","ftir_107","C1","sediment","CH6_9","2","orange_pink_red","fragment","no","yes",NA,NA,"POLYOLEFIN [PP",83.96,NA,NA,"yes","Polyolefins","POLYOLEFIN [PP","yes","atr","Polyolefins","Cn1","Cymodocea nodosa","Subtidal (Cn)",0.5
"80","18_2","CH6","ftir_110","C1","sediment","CH6_9","3","blue_green","fragment","yes","no","Cellulose Microscope Reflection",45.53,NA,NA,"no","Non-plastic",NA,NA,"unclear","unclear","ref","Non-plastic","Cn1","Cymodocea nodosa","Subtidal (Cn)",0.5
"81","18_2","CH6","ftir_108","C1","sediment","CH6_9","1","blue_green","fragment","yes","yes","1-Methyl-2-pyrrolidinone",84.43,"POLY(ETHYLACRYLATE:ST:ACRYLAMIDE)",68.34,"no","Non-plastic","yes","Polyacrylamides","1-Methyl-2-pyrrolidinone","no","both-but-ref-more-conclusive","Non-plastic","Cn1","Cymodocea nodosa","Subtidal (Cn)",0.5
"82","18_2","CH6","ftir_109","C1","sediment","CH6_9","2","blue_green","fragment","yes","yes","COCAINE HCL IN KBR",58.69,"PS 495F 10 (ap 50um; 64 co-scans)",65.62,"no","Non-plastic","yes","Polystyrene","PS 495F 10 (ap 50um; 64 co-scans)","yes","both-but-atr-more-conclusive","Polystyrene","Cn1","Cymodocea nodosa","Subtidal (Cn)",0.5
"83","20_1","CH6","ftir_111","C1","sediment","CH6_15","1","white_cream","film","yes","no","CYANOTRICHITE, Licenced to L´oreal France",54.35,NA,NA,"no","Non-plastic",NA,NA,"CYANOTRICHITE, Licenced to L´oreal France","no","ref","Non-plastic","Cn1","Cymodocea nodosa","Subtidal (Cn)",0.5
"84","20_1","CH6","ftir_112","C1","sediment","CH6_15","2","blue_green","line","yes","no","PYRAZOLE, 98%",68.77,NA,NA,"no","Non-plastic",NA,NA,"PYRAZOLE, 98%","no","ref","Non-plastic","Cn1","Cymodocea nodosa","Subtidal (Cn)",0.5
"85","20_1","CH6","ftir_113","C1","sediment","CH6_15","3","blue_green","film","yes","no","Fluorurato XMFS (32ZnSe) Thu Jan 17 18:35:42 2002",24.16,NA,NA,"no","Non-plastic",NA,NA,"unclear","unclear","ref","Non-plastic","Cn1","Cymodocea nodosa","Subtidal (Cn)",0.5
"86","20_1","CH6","ftir_114","C1","sediment","CH6_15","4","blue_green","line","yes","no","BIS(CYCLOPENTADIENYL)RUTHENIUM, 97%",46.19,NA,NA,"no","Non-plastic",NA,NA,"unclear","unclear","ref","Non-plastic","Cn1","Cymodocea nodosa","Subtidal (Cn)",0.5
"87","22_1","CH6","ftir_115","C1","sediment","CH6_21","1","black_grey","line","yes","no","2-PYRIDINECARBOXALDEHYDE, 99%",79.31,NA,NA,"no","Non-plastic",NA,NA,"2-PYRIDINECARBOXALDEHYDE, 99%","no","ref","Non-plastic","Cn1","Cymodocea nodosa","Subtidal (Cn)",0.5
"88","22_2","CH6","ftir_117","C1","sediment","CH6_21","2","white_cream","foam","yes","no","POLYSULFONE RESIN",64.19,NA,NA,"yes","Other",NA,NA,"POLYSULFONE RESIN","yes","ref","Other","Cn1","Cymodocea nodosa","Subtidal (Cn)",0.5
"89","22_2","CH6","ftir_116","C1","sediment","CH6_21","1","white_cream","fragment","yes","yes","Cellulose Microscope Reflection",45.1,"CLAY (montmorillonitic)",68.7,"no","Non-plastic","no","Non-plastic","CLAY (montmorillonitic)","no","both-but-atr-more-conclusive","Non-plastic","Cn1","Cymodocea nodosa","Subtidal (Cn)",0.5
"90","24_1","CH6","ftir_118","C1","sediment","CH6_27","1","blue_green","fragment","yes","no","Cellulose Microscope Reflection",65.65,NA,NA,"no","Non-plastic",NA,NA,"Cellulose Microscope Reflection","no","ref","Non-plastic","Cn1","Cymodocea nodosa","Subtidal (Cn)",0.5
"91","24_1","CH6","ftir_119","C1","sediment","CH6_27","2","black_grey","film","yes","no","4-PROPYLPHENOL, 99%",45.1,NA,NA,"no","Non-plastic",NA,NA,"unclear","unclear","ref","Non-plastic","Cn1","Cymodocea nodosa","Subtidal (Cn)",0.5
"92","24_1","CH6","ftir_120","C1","sediment","CH6_27","3","blue_green","fragment","yes","no","METHACRYLIC ACID, BUTYL ESTER",53.26,NA,NA,"no","Non-plastic",NA,NA,"METHACRYLIC ACID, BUTYL ESTER","no","ref","Non-plastic","Cn1","Cymodocea nodosa","Subtidal (Cn)",0.5
"93","24_2","CH6","ftir_121","C1","sediment","CH6_27","1","blue_green","fragment","yes","yes","CARBONATE; CALCIUM",50.59,"POLY(ETHYLACRYLATE:ST:ACRYLAMIDE)",57.22,"no","Non-plastic","yes","Polyacrylamides","POLY(ETHYLACRYLATE:ST:ACRYLAMIDE)","yes","both-but-atr-more-conclusive","Polyacrylamides","Cn1","Cymodocea nodosa","Subtidal (Cn)",0.5
"94","26_1","CH6","ftir_123","C2","sediment","CH6_33","7","black_grey","film","yes","no","HYDROBENZOIN",47.79,NA,NA,"no","Non-plastic",NA,NA,"unclear","unclear","ref","Non-plastic","Cn1","Cymodocea nodosa","Subtidal (Cn)",0.25
"95","26_1","CH6","ftir_124","C2","sediment","CH6_33","8","blue_green","fragment","yes","no","PP aged 4 (sieved 74um; ap 50um; 64 co-scans)",61.85,NA,NA,"yes","Polypropylene",NA,NA,"PP aged 4 (sieved 74um; ap 50um; 64 co-scans)","yes","ref","Polypropylene","Cn1","Cymodocea nodosa","Subtidal (Cn)",0.25
"96","26_1","CH6","ftir_122","C2","sediment","CH6_33","1","yellow","fragment","yes","no","BILINITE, Licenced to L´oreal France",43.93,NA,NA,"no","Non-plastic",NA,NA,"unclear","unclear","ref","Non-plastic","Cn1","Cymodocea nodosa","Subtidal (Cn)",0.25
"97","26_2","CH6","ftir_125","C2","sediment","CH6_33","2","white_cream","line","yes","no","PP sheet 3 (20um ap; 64 co-scans)",81.45,NA,NA,"yes","Polypropylene",NA,NA,"PP sheet 3 (20um ap; 64 co-scans)","yes","ref","Polypropylene","Cn1","Cymodocea nodosa","Subtidal (Cn)",0.25
"98","26_2","CH6","ftir_126","C2","sediment","CH6_33","6","white_cream","fragment","yes","no","CYANOTRICHITE, Licenced to L´oreal France",46.56,NA,NA,"no","Non-plastic",NA,NA,"unclear","unclear","ref","Non-plastic","Cn1","Cymodocea nodosa","Subtidal (Cn)",0.25
"99","26_2","CH6","ftir_127","C2","sediment","CH6_33","7","yellow","fragment","yes","no","QUARTZ, Licenced to L´oreal France",49.25,NA,NA,"no","Non-plastic",NA,NA,"unclear","unclear","ref","Non-plastic","Cn1","Cymodocea nodosa","Subtidal (Cn)",0.25
"100","26_3","CH6","ftir_129","C2","sediment","CH6_33","4","white_cream","pellet","yes","no","Cellulose Microscope Reflection",56.62,NA,NA,"no","Non-plastic",NA,NA,"Cellulose Microscope Reflection","no","ref","Non-plastic","Cn1","Cymodocea nodosa","Subtidal (Cn)",0.25
"101","26_3","CH6","ftir_130","C2","sediment","CH6_33","5","blue_green","line","yes","no","N,N'-BIS(SALICYLIDENE)-1,3-PROPANEDIAMINE, 99%",53.2,NA,NA,"no","Non-plastic",NA,NA,"N,N'-BIS(SALICYLIDENE)-1,3-PROPANEDIAMINE, 99%","no","ref","Non-plastic","Cn1","Cymodocea nodosa","Subtidal (Cn)",0.25
"102","26_3","CH6","ftir_131","C2","sediment","CH6_33","6","blue_green","line","yes","no","NAPHTHALENE",39.39,NA,NA,"no","Non-plastic",NA,NA,"unclear","unclear","ref","Non-plastic","Cn1","Cymodocea nodosa","Subtidal (Cn)",0.25
"103","26_3","CH6","ftir_132","C2","sediment","CH6_33","7","yellow","fragment","yes","no","Cellulose Microscope Reflection",32.76,NA,NA,"no","Non-plastic",NA,NA,"unclear","unclear","ref","Non-plastic","Cn1","Cymodocea nodosa","Subtidal (Cn)",0.25
"104","26_3","CH6","ftir_128","C2","sediment","CH6_33","3","white_cream","line","yes","no","Polyethylene, oxidized (high mw)",25.83,NA,NA,"yes","Polyglycols",NA,NA,"unclear","unclear","ref","Polyglycols","Cn1","Cymodocea nodosa","Subtidal (Cn)",0.25
"105","26_3","CH6","ftir_133","C2","sediment","CH6_33","8","white_cream","pellet","yes","no","1-CHLORO-8-NITRONAPHTHALENE, 98%",29.69,NA,NA,"no","Non-plastic",NA,NA,"unclear","unclear","ref","Non-plastic","Cn1","Cymodocea nodosa","Subtidal (Cn)",0.25
"106","28_2","CH6","ftir_134","C2","sediment","CH6_39","6","black_grey","line","yes","no","CELLOPHANE",40.97,NA,NA,"no","Non-plastic",NA,NA,"unclear","unclear","ref","Non-plastic","Cn1","Cymodocea nodosa","Subtidal (Cn)",0.25
"107","29_1","CH6","ftir_138","C2","sediment","CH6_42","7","white_cream","line","yes","no","TRICHLOROACETONITRILE, 98%",35.5,NA,NA,"no","Non-plastic",NA,NA,"unclear","unclear","ref","Non-plastic","Cn1","Cymodocea nodosa","Subtidal (Cn)",0.25
"108","29_1","CH6","ftir_137","C2","sediment","CH6_42","4","white_cream","line","yes","no","cuprammonium rayon - Cuprama - McCrone #26",37.07,NA,NA,"no","Non-plastic",NA,NA,"unclear","unclear","ref","Non-plastic","Cn1","Cymodocea nodosa","Subtidal (Cn)",0.25
"109","29_1","CH6","ftir_139","C2","sediment","CH6_42","11","yellow","fragment","yes","no","METHACRYLIC ACID, BUTYL ESTER",60.88,NA,NA,"no","Non-plastic",NA,NA,"METHACRYLIC ACID, BUTYL ESTER","no","ref","Non-plastic","Cn1","Cymodocea nodosa","Subtidal (Cn)",0.25
"110","29_1","CH6","ftir_136","C2","sediment","CH6_42","3","yellow","fragment","yes","no","Cellulose Microscope Reflection",48.52,NA,NA,"no","Non-plastic",NA,NA,"unclear","unclear","ref","Non-plastic","Cn1","Cymodocea nodosa","Subtidal (Cn)",0.25
"111","29_1","CH6","ftir_135","C2","sediment","CH6_42","2","white_cream","line","yes","no","POLYVINYL ALCOHOL AV. MOL. WT. 10",40.06,NA,NA,"yes","Polyvinylalcohol",NA,NA,"unclear","unclear","ref","Polyvinylalcohol","Cn1","Cymodocea nodosa","Subtidal (Cn)",0.25
"112","29_2","CH6","ftir_140","C2","sediment","CH6_42","3","white_cream","fragment","yes","no","2,5-DIMETHOXY-4-METHYLAMPHETAMINE",49.29,NA,NA,"no","Non-plastic",NA,NA,"unclear","unclear","ref","Non-plastic","Cn1","Cymodocea nodosa","Subtidal (Cn)",0.25
"113","29_2","CH6","ftir_141","C2","sediment","CH6_42","5","white_cream","fragment","yes","no","THIAZOLIDINE, 97%",52.66,NA,NA,"no","Non-plastic",NA,NA,"THIAZOLIDINE, 97%","no","ref","Non-plastic","Cn1","Cymodocea nodosa","Subtidal (Cn)",0.25
"114","37_1","CH7","ftir_142","C2","sediment","CH7_0","1","black_grey","line","yes","no","polyester - Terylene - McCrone #12",41.75,NA,NA,"yes","Polyesters",NA,NA,"unclear","unclear","ref","Polyesters","Zn3","Zostera noltei","Intertidal (Zn)",0.25
"115","37_1","CH7","ftir_143","C2","sediment","CH7_0","2","yellow","film","yes","no","ISOPHORONE, 97%",37.17,NA,NA,"no","Non-plastic",NA,NA,"unclear","unclear","ref","Non-plastic","Zn3","Zostera noltei","Intertidal (Zn)",0.25
"116","37_2","CH7","ftir_145","C2","sediment","CH7_0","3","orange_pink_red","film","yes","no","POLY(TETRAFLUOROETHYLENE:PROPENE)",34.99,NA,NA,"yes","Polyhaloolefins",NA,NA,"unclear","unclear","ref","Polyhaloolefins","Zn3","Zostera noltei","Intertidal (Zn)",0.25
"117","37_2","CH7","ftir_146","C2","sediment","CH7_0","5","white_cream","fragment","yes","no","N-Ethyl-o,p-toluenesulfonamide",68.58,NA,NA,"no","Non-plastic",NA,NA,"N-Ethyl-o,p-toluenesulfonamide","no","ref","Non-plastic","Zn3","Zostera noltei","Intertidal (Zn)",0.25
"118","37_2","CH7","ftir_144","C2","sediment","CH7_0","1","blue_green","line","yes","no","POLY(VINYL PROPIONATE/ACETATE)",70.42,NA,NA,"yes","Other",NA,NA,"POLY(VINYL PROPIONATE/ACETATE)","yes","ref","Other","Zn3","Zostera noltei","Intertidal (Zn)",0.25
"119","37_2","CH7","ftir_147","C2","sediment","CH7_0","6","white_cream","fragment","yes","no","P-TOLYL 2-(TRIMETHYLSILYL)ETHYNYL SULFONE, 98%",57.09,NA,NA,"no","Non-plastic",NA,NA,"P-TOLYL 2-(TRIMETHYLSILYL)ETHYNYL SULFONE, 98%","no","ref","Non-plastic","Zn3","Zostera noltei","Intertidal (Zn)",0.25
"120","38_1","CH7","ftir_148","C3","sediment","CH7_3","1","orange_pink_red","line","yes","no","POLY(VINYL PROPIONATE/ACETATE)",62.63,NA,NA,"yes","Other",NA,NA,"POLY(VINYL PROPIONATE/ACETATE)","yes","ref","Other","Zn3","Zostera noltei","Intertidal (Zn)",0.25
"121","38_1","CH7","ftir_149","C3","sediment","CH7_3","5","blue_green","line","yes","no","POLY(METHACRYLATE), W/OH GROUPS",78.54,NA,NA,"yes","Polymethylmethacrylate",NA,NA,"POLY(METHACRYLATE), W/OH GROUPS","yes","ref","Polymethylmethacrylate","Zn3","Zostera noltei","Intertidal (Zn)",0.25
"122","38_1","CH7","ftir_150","C3","sediment","CH7_3","6","white_cream","fragment","yes","no","Poly(acenaphthylene)",27.19,NA,NA,"yes","Other",NA,NA,"unclear","unclear","ref","Other","Zn3","Zostera noltei","Intertidal (Zn)",0.25
"123","38_2","CH7","ftir_151","C3","sediment","CH7_3","1","black_grey","film","yes","no","4-FLUOROBIPHENYL, 99%",47.47,NA,NA,"no","Non-plastic",NA,NA,"unclear","unclear","ref","Non-plastic","Zn3","Zostera noltei","Intertidal (Zn)",0.25
"124","38_3","CH7","ftir_152","C3","sediment","CH7_3","2","black_grey","fragment","yes","yes","Cellulose Microscope Reflection",49.89,"Albite",42.4,"no","Non-plastic","no","Non-plastic","unclear","unclear","both-unclear","unclear","Zn3","Zostera noltei","Intertidal (Zn)",0.25
"125","38_4","CH7","ftir_153","C3","sediment","CH7_3","3","white_cream","line","yes","no","polyester - Trevira - CTS #348",58.48,NA,NA,"yes","Polyesters",NA,NA,"polyester - Trevira - CTS #348","yes","ref","Polyesters","Zn3","Zostera noltei","Intertidal (Zn)",0.25
"126","38_5","CH7","ftir_154","C3","sediment","CH7_3","4","yellow","fragment","yes","no","ZINC SULFATE",38.32,NA,NA,"no","Non-plastic",NA,NA,"unclear","unclear","ref","Non-plastic","Zn3","Zostera noltei","Intertidal (Zn)",0.25
"127","39_1","CH7","ftir_155","C2","sediment","CH7_6","1","blue_green","line","yes","no","nylon 6 + nylon copolymer - Trilene - CTS #409",53.42,NA,NA,"yes","Nylon-polyamides",NA,NA,"nylon 6 + nylon copolymer - Trilene - CTS #409","yes","ref","Nylon-polyamides","Zn3","Zostera noltei","Intertidal (Zn)",0.25
"128","39_1","CH7","ftir_156","C2","sediment","CH7_6","2","black_grey","line","yes","no","Albite",31.4,NA,NA,"no","Non-plastic",NA,NA,"unclear","unclear","ref","Non-plastic","Zn3","Zostera noltei","Intertidal (Zn)",0.25
"129","39_1","CH7","ftir_157","C2","sediment","CH7_6","3","blue_green","line","yes","no","cuprammonium rayon - Cuprama - McCrone #26",36.18,NA,NA,"no","Non-plastic",NA,NA,"unclear","unclear","ref","Non-plastic","Zn3","Zostera noltei","Intertidal (Zn)",0.25
"130","40_1","CH7","ftir_158","C3","sediment","CH7_9","1","yellow","fragment","yes","no","2,4,6-TRIMETHOXYAMPHETAMINE",56.59,NA,NA,"no","Non-plastic",NA,NA,"2,4,6-TRIMETHOXYAMPHETAMINE","no","ref","Non-plastic","Zn3","Zostera noltei","Intertidal (Zn)",0.25
"131","42_2","CH7","ftir_159","C3","sediment","CH7_15","1","white_cream","line","yes","no","4,4'METHYLENE-BIS-2,6-DI-T-BUTYL PHENOL",22.56,NA,NA,"no","Non-plastic",NA,NA,"unclear","unclear","ref","Non-plastic","Zn3","Zostera noltei","Intertidal (Zn)",0.25
"132","42_2","CH7","ftir_160","C3","sediment","CH7_15","2","blue_green","line","yes","no","MESCALINE HCL IN KBR",31.05,NA,NA,"no","Non-plastic",NA,NA,"unclear","unclear","ref","Non-plastic","Zn3","Zostera noltei","Intertidal (Zn)",0.25
"133","44_1","CH7","ftir_161","C3","sediment","CH7_21","1","transparent","fragment","yes","no","POLY(ARYL ETHER)",62.49,NA,NA,"yes","Other",NA,NA,"POLY(ARYL ETHER)","yes","ref","Other","Zn3","Zostera noltei","Intertidal (Zn)",0.25
"134","44_1","CH7","ftir_162","C3","sediment","CH7_21","2","transparent","fragment","yes","no","PS 495F 8 (ap 50um; 64 co-scans)",59.32,NA,NA,"yes","Polystyrene",NA,NA,"PS 495F 8 (ap 50um; 64 co-scans)","yes","ref","Polystyrene","Zn3","Zostera noltei","Intertidal (Zn)",0.25
"135","44_1","CH7","ftir_163","C3","sediment","CH7_21","3","blue_green","line","yes","no","PERCHLORATE; AMMONIUM",40.67,NA,NA,"no","Non-plastic",NA,NA,"unclear","unclear","ref","Non-plastic","Zn3","Zostera noltei","Intertidal (Zn)",0.25
"136","45_1","CH7","ftir_164","C3","sediment","CH7_24","1","blue_green","fragment","yes","no","Cellulose Microscope Reflection",55.92,NA,NA,"no","Non-plastic",NA,NA,"Cellulose Microscope Reflection","no","ref","Non-plastic","Zn3","Zostera noltei","Intertidal (Zn)",0.25
"137","45_2","CH7","ftir_165","C3","sediment","CH7_24","1","transparent","film","yes","no","FERRIC NITRATE",36.2,NA,NA,"no","Non-plastic",NA,NA,"unclear","unclear","ref","Non-plastic","Zn3","Zostera noltei","Intertidal (Zn)",0.25
"138","45_2","CH7","ftir_166","C3","sediment","CH7_24","2","white_cream","pellet","yes","no","POLY(METHYLPHENYLSILOXANE)",46.65,NA,NA,"yes","Silicones",NA,NA,"unclear","unclear","ref","Silicones","Zn3","Zostera noltei","Intertidal (Zn)",0.25
"139","45_2","CH7","ftir_167","C3","sediment","CH7_24","3","transparent","fragment","yes","no","POLY(VINYLIDENE FLUORIDE:C3F6)",67.01,NA,NA,"yes","Polyhaloolefins",NA,NA,"POLY(VINYLIDENE FLUORIDE:C3F6)","yes","ref","Polyhaloolefins","Zn3","Zostera noltei","Intertidal (Zn)",0.25
"140","46_1","CH7","ftir_169","C3","sediment","CH7_27","2","transparent","film","yes","no","NICKELOUS SULFATE",35.48,NA,NA,"no","Non-plastic",NA,NA,"unclear","unclear","ref","Non-plastic","Zn3","Zostera noltei","Intertidal (Zn)",0.25
"141","46_1","CH7","ftir_170","C3","sediment","CH7_27","3","white_cream","line","yes","no","polyester - Trevira - CTS #348",42.45,NA,NA,"yes","Polyesters",NA,NA,"unclear","unclear","ref","Polyesters","Zn3","Zostera noltei","Intertidal (Zn)",0.25
"142","46_1","CH7","ftir_173","C3","sediment","CH7_27","2","blue_green","film","yes","no","CELLOPHANE",35.92,NA,NA,"no","Non-plastic",NA,NA,"unclear","unclear","ref","Non-plastic","Zn3","Zostera noltei","Intertidal (Zn)",0.25
"143","46_1","CH7","ftir_174","C3","sediment","CH7_27","3","blue_green","film","yes","no","TRIPHENYLANTIMONY(V) BROMIDE",52.87,NA,NA,"no","Non-plastic",NA,NA,"TRIPHENYLANTIMONY(V) BROMIDE","no","ref","Non-plastic","Zn3","Zostera noltei","Intertidal (Zn)",0.25
"144","46_1","CH7","ftir_171","C3","sediment","CH7_27","4","blue_green","line","yes","no","TETRAPHENYLLEAD (IV)",35.66,NA,NA,"no","Non-plastic",NA,NA,"unclear","unclear","ref","Non-plastic","Zn3","Zostera noltei","Intertidal (Zn)",0.25
"145","46_1","CH7","ftir_172","C3","sediment","CH7_27","1","blue_green","line","yes","no","Alunite",34.27,NA,NA,"no","Non-plastic",NA,NA,"unclear","unclear","ref","Non-plastic","Zn3","Zostera noltei","Intertidal (Zn)",0.25
"146","46_1","CH7","ftir_168","C3","sediment","CH7_27","1","yellow","fragment","yes","no","POLY(VINYL FLUORIDE)",26.76,NA,NA,"yes","Polyhaloolefins",NA,NA,"unclear","unclear","ref","Polyhaloolefins","Zn3","Zostera noltei","Intertidal (Zn)",0.25
"147","49_2","CH7","ftir_175","C3","sediment","CH7_36","1","blue_green","line","yes","no","soie cultivee [bombyx mori] - McCrone #49",40.77,NA,NA,"no","Non-plastic",NA,NA,"unclear","unclear","ref","Non-plastic","Zn3","Zostera noltei","Intertidal (Zn)",0.25
"148","62_1","CH7","ftir_176","C3","sediment","CH7_63","1","black_grey","line","yes","no","DICHLOROMETHANE, 99+%, SPECTROPHOTOMETRIC GRADE",40.77,NA,NA,"no","Non-plastic",NA,NA,"unclear","unclear","ref","Non-plastic","Zn3","Zostera noltei","Intertidal (Zn)",0.25
"149","62_1","CH7","ftir_177","C3","sediment","CH7_63","1","white_cream","foam","yes","no","POLYSULFONE RESIN",56.25,NA,NA,"yes","Other",NA,NA,"POLYSULFONE RESIN","yes","ref","Other","Zn3","Zostera noltei","Intertidal (Zn)",0.25
"150","62_1","CH7","ftir_178","C3","sediment","CH7_63","2","blue_green","line","yes","no","DICHLOROMETHANE, 99+%, SPECTROPHOTOMETRIC GRADE",52.96,NA,NA,"no","Non-plastic",NA,NA,"DICHLOROMETHANE, 99+%, SPECTROPHOTOMETRIC GRADE","no","ref","Non-plastic","Zn3","Zostera noltei","Intertidal (Zn)",0.25
"151","63_2","CH8","ftir_179","C4","sediment","CH8_0","1","white_cream","fragment","yes","yes","LITHIUM CARBONATE",48.71,"ARAGONITE, Licenced to L´oreal France",83.52,"no","Non-plastic","no","Non-plastic","ARAGONITE, Licenced to L´oreal France","no","both-but-atr-more-conclusive","Non-plastic","Cn2","Cymodocea nodosa","Subtidal (Cn)",0.25
"152","63_2","CH8","ftir_180","C4","sediment","CH8_0","2","white_cream","foam","yes","yes","viscose rayon - Vincel - McCrone #25",57.81,"STRONTIANITE, Licenced to L´oreal France",62.16,"no","Non-plastic","no","Non-plastic","STRONTIANITE, Licenced to L´oreal France","no","both-but-atr-more-conclusive","Non-plastic","Cn2","Cymodocea nodosa","Subtidal (Cn)",0.25
"153","63_2","CH8","ftir_181","C4","sediment","CH8_0","3","transparent","fragment","yes","no","POLY(VINYL PROPIONATE/ACETATE)",73.3,NA,NA,"yes","Other",NA,NA,"POLY(VINYL PROPIONATE/ACETATE)","yes","ref","Other","Cn2","Cymodocea nodosa","Subtidal (Cn)",0.25
"154","63_2","CH8","ftir_182","C4","sediment","CH8_0","4","transparent","fragment","yes","yes","ZINCOCOPIAPITE, Licenced to L´oreal France",53.23,"STRONTIANITE (white)",69.84,"no","Non-plastic","no","Non-plastic","STRONTIANITE (white)","no","both-but-atr-more-conclusive","Non-plastic","Cn2","Cymodocea nodosa","Subtidal (Cn)",0.25
"155","63_2","CH8","ftir_183","C4","sediment","CH8_0","5","transparent","line","yes","no","acrylique - Dralon - Driesch #112",75.44,NA,NA,"yes","Polyacrylates",NA,NA,"acrylique - Dralon - Driesch #112","yes","ref","Polyacrylates","Cn2","Cymodocea nodosa","Subtidal (Cn)",0.25
"156","63_2","CH8","ftir_184","C4","sediment","CH8_0","6","transparent","fragment","yes","yes","2-PYRROLIDINONE, 98%",44.88,"ARAGONITE, Licenced to L´oreal France",60.28,"no","Non-plastic","no","Non-plastic","ARAGONITE, Licenced to L´oreal France","no","both-but-atr-more-conclusive","Non-plastic","Cn2","Cymodocea nodosa","Subtidal (Cn)",0.25
"157","63_2","CH8","ftir_185","C4","sediment","CH8_0","1","white_cream","line","yes","no","viscose rayon - Vincel - McCrone #25",32.97,NA,NA,"no","Non-plastic",NA,NA,"unclear","unclear","ref","Non-plastic","Cn2","Cymodocea nodosa","Subtidal (Cn)",0.25
"158","63_2","CH8","ftir_186","C4","sediment","CH8_0","2","blue_green","line","yes","no","PHENDIMETRAZINE HCL IN KBR",33.32,NA,NA,"no","Non-plastic",NA,NA,"unclear","unclear","ref","Non-plastic","Cn2","Cymodocea nodosa","Subtidal (Cn)",0.25
"159","63_2","CH8","ftir_187","C4","sediment","CH8_0","3","white_cream","line","yes","no","POLY(TETRAFLUOROETHYLENE:PROPENE)",42.57,NA,NA,"yes","Polyhaloolefins",NA,NA,"unclear","unclear","ref","Polyhaloolefins","Cn2","Cymodocea nodosa","Subtidal (Cn)",0.25
"160","63_2","CH8","ftir_188","C4","sediment","CH8_0","4","transparent","line","yes","no","ACRYLIC [POLY(AN:VA:MVP",72.12,NA,NA,"yes","Polyacrylates",NA,NA,"ACRYLIC [POLY(AN:VA:MVP","yes","ref","Polyacrylates","Cn2","Cymodocea nodosa","Subtidal (Cn)",0.25
"161","63_2","CH8","ftir_189","C4","sediment","CH8_0","5","blue_green","fragment","yes","no","Muscovite",66.02,NA,NA,"no","Non-plastic",NA,NA,"Muscovite","no","ref","Non-plastic","Cn2","Cymodocea nodosa","Subtidal (Cn)",0.25
"162","63_2","CH8","ftir_190","C4","sediment","CH8_0","6","black_grey","line","yes","no","cuprammonium rayon - Cuprama - McCrone #26",32.05,NA,NA,"no","Non-plastic",NA,NA,"unclear","unclear","ref","Non-plastic","Cn2","Cymodocea nodosa","Subtidal (Cn)",0.25
"163","64_1","CH8","ftir_191","C4","sediment","CH8_3","1","transparent","line","yes","no","ETHYL ACETATE, 99.5+%, SPECTROPHOTOMETRIC GRADE",69.91,NA,NA,"no","Non-plastic",NA,NA,"ETHYL ACETATE, 99.5+%, SPECTROPHOTOMETRIC GRADE","no","ref","Non-plastic","Cn2","Cymodocea nodosa","Subtidal (Cn)",0.25
"164","64_1","CH8","ftir_192","C4","sediment","CH8_3","2","white_cream","line","yes","no","Polyurethane Adhesive",57.91,NA,NA,"yes","Polyurethane",NA,NA,"Polyurethane Adhesive","yes","ref","Polyurethane","Cn2","Cymodocea nodosa","Subtidal (Cn)",0.25
"165","64_1","CH8","ftir_193","C4","sediment","CH8_3","3","black_grey","line","yes","no","BENZYL ACETATE, 99+%",61.12,NA,NA,"no","Non-plastic",NA,NA,"BENZYL ACETATE, 99+%","no","ref","Non-plastic","Cn2","Cymodocea nodosa","Subtidal (Cn)",0.25
"166","64_1","CH8","ftir_194","C4","sediment","CH8_3","4","white_cream","foam","yes","no","STRONTIANITE, Licenced to L´oreal France",83.24,NA,NA,"no","Non-plastic",NA,NA,"STRONTIANITE, Licenced to L´oreal France","no","ref","Non-plastic","Cn2","Cymodocea nodosa","Subtidal (Cn)",0.25
"167","64_1","CH8","ftir_195","C4","sediment","CH8_3","5","blue_green","line","yes","no","Sn COMPOUNDS; BIS(PHENYLMETHYL)TIN(IV) DIBROMIDE",67.73,NA,NA,"no","Non-plastic",NA,NA,"Sn COMPOUNDS; BIS(PHENYLMETHYL)TIN(IV) DIBROMIDE","no","ref","Non-plastic","Cn2","Cymodocea nodosa","Subtidal (Cn)",0.25
"168","64_1","CH8","ftir_196","C4","sediment","CH8_3","6","orange_pink_red","line","yes","no","acrylique - Acrilan 16 - McCrone #17",83.57,NA,NA,"yes","Polyacrylates",NA,NA,"acrylique - Acrilan 16 - McCrone #17","yes","ref","Polyacrylates","Cn2","Cymodocea nodosa","Subtidal (Cn)",0.25
"169","64_1","CH8","ftir_197","C4","sediment","CH8_3","7","transparent","line","yes","no","GLYCERYL MONOSTEARATE",48.28,NA,NA,"no","Non-plastic",NA,NA,"unclear","unclear","ref","Non-plastic","Cn2","Cymodocea nodosa","Subtidal (Cn)",0.25
"170","64_1","CH8","ftir_198","C4","sediment","CH8_3","8","transparent","line","yes","no","viscose rayon - AAA Yarn - McCrone #24",58.38,NA,NA,"no","Non-plastic",NA,NA,"viscose rayon - AAA Yarn - McCrone #24","no","ref","Non-plastic","Cn2","Cymodocea nodosa","Subtidal (Cn)",0.25
"171","64_2","CH8","ftir_199","C4","sediment","CH8_3","1","orange_pink_red","line","yes","no","PP sheet (20um ap; 64 co-scans)10 spectra: Average",64.42,NA,NA,"yes","Polypropylene",NA,NA,"PP sheet (20um ap; 64 co-scans)10 spectra: Average","yes","ref","Polypropylene","Cn2","Cymodocea nodosa","Subtidal (Cn)",0.25
"172","65_1","CH8","ftir_200","C4","sediment","CH8_6","1","blue_green","fragment","yes","no","polypropylene - Courlene Py - McCrone #12",60.82,NA,NA,"yes","Polypropylene",NA,NA,"polypropylene - Courlene Py - McCrone #12","yes","ref","Polypropylene","Cn2","Cymodocea nodosa","Subtidal (Cn)",0.25
"173","65_1","CH8","ftir_201","C4","sediment","CH8_6","2","blue_green","fragment","yes","no","PP aged 6 (sieved 74um; ap 50um; 64 co-scans)",59.13,NA,NA,"yes","Polypropylene",NA,NA,"PP aged 6 (sieved 74um; ap 50um; 64 co-scans)","yes","ref","Polypropylene","Cn2","Cymodocea nodosa","Subtidal (Cn)",0.25
"174","65_1","CH8","ftir_202","C4","sediment","CH8_6","3","blue_green","line","yes","no","cuprammonium rayon - Cuprama - McCrone #26",35.67,NA,NA,"no","Non-plastic",NA,NA,"unclear","unclear","ref","Non-plastic","Cn2","Cymodocea nodosa","Subtidal (Cn)",0.25
"175","65_2","CH8","ftir_203","C4","sediment","CH8_6","1","blue_green","fragment","yes","no","PE 3 (sieved 74um; ap 50um; 64 co-scans)",73.05,NA,NA,"yes","Polyethylene",NA,NA,"PE 3 (sieved 74um; ap 50um; 64 co-scans)","yes","ref","Polyethylene","Cn2","Cymodocea nodosa","Subtidal (Cn)",0.25
"176","65_2","CH8","ftir_204","C4","sediment","CH8_6","2","blue_green","fragment","yes","no","PE 7 (sieved 74um; ap 20um; 64 co-scans)",62.32,NA,NA,"yes","Polyethylene",NA,NA,"PE 7 (sieved 74um; ap 20um; 64 co-scans)","yes","ref","Polyethylene","Cn2","Cymodocea nodosa","Subtidal (Cn)",0.25
"177","67_1","CH8","ftir_205","C4","sediment","CH8_12","1","black_grey","line","yes","no","METHACRYLIC ACID, BUTYL ESTER",40.97,NA,NA,"no","Non-plastic",NA,NA,"unclear","unclear","ref","Non-plastic","Cn2","Cymodocea nodosa","Subtidal (Cn)",0.25
"178","67_1","CH8","ftir_206","C4","sediment","CH8_12","2","transparent","line","yes","no","acrylique - Dralon - Driesch #112",40.97,NA,NA,"yes","Polyacrylates",NA,NA,"unclear","unclear","ref","Polyacrylates","Cn2","Cymodocea nodosa","Subtidal (Cn)",0.25
"179","67_1","CH8","ftir_207","C4","sediment","CH8_12","3","transparent","line","yes","no","polyester - Trevira - CTS #348",64.2,NA,NA,"yes","Polyesters",NA,NA,"polyester - Trevira - CTS #348","yes","ref","Polyesters","Cn2","Cymodocea nodosa","Subtidal (Cn)",0.25
"180","67_1","CH8","ftir_208","C4","sediment","CH8_12","4","transparent","line","yes","no","Nylon fiber 3 (ap 20um; 64 co-scans)",53.59,NA,NA,"yes","Nylon-polyamides",NA,NA,"Nylon fiber 3 (ap 20um; 64 co-scans)","yes","ref","Nylon-polyamides","Cn2","Cymodocea nodosa","Subtidal (Cn)",0.25
"181","67_1","CH8","ftir_209","C4","sediment","CH8_12","5","blue_green","line","yes","no","ACRYLIC [POLY(AN:VA:MVP",63.42,NA,NA,"yes","Polyacrylates",NA,NA,"ACRYLIC [POLY(AN:VA:MVP","yes","ref","Polyacrylates","Cn2","Cymodocea nodosa","Subtidal (Cn)",0.25
"182","67_2","CH8","ftir_210","C4","sediment","CH8_12","1","blue_green","film","yes","no","METHYL ALCOHOL, 99.9%, SPECTROPHOTOMETRIC GRADE",53.33,NA,NA,"no","Non-plastic",NA,NA,"METHYL ALCOHOL, 99.9%, SPECTROPHOTOMETRIC GRADE","no","ref","Non-plastic","Cn2","Cymodocea nodosa","Subtidal (Cn)",0.25
"183","67_2","CH8","ftir_211","C4","sediment","CH8_12","2","blue_green","line","yes","no","TETRAFLUOROBORATE; POTASSIUM",35.34,NA,NA,"no","Non-plastic",NA,NA,"unclear","unclear","ref","Non-plastic","Cn2","Cymodocea nodosa","Subtidal (Cn)",0.25
"184","67_2","CH8","ftir_212","C4","sediment","CH8_12","3","transparent","line","yes","no","POLYESTER, TERE-&ISO-PHTHALATE",78.91,NA,NA,"yes","Polyesters",NA,NA,"POLYESTER, TERE-&ISO-PHTHALATE","yes","ref","Polyesters","Cn2","Cymodocea nodosa","Subtidal (Cn)",0.25
"185","67_2","CH8","ftir_213","C4","sediment","CH8_12","4","orange_pink_red","line","yes","no","polyesterisocyanate - Ceolon - Driesch #124",55.89,NA,NA,"yes","Polyesters",NA,NA,"polyesterisocyanate - Ceolon - Driesch #124","yes","ref","Polyesters","Cn2","Cymodocea nodosa","Subtidal (Cn)",0.25
"186","69_1","CH8","ftir_214","C4","sediment","CH8_18","1","transparent","line","yes","no","polyester - Trevira - CTS #348",67.94,NA,NA,"yes","Polyesters",NA,NA,"polyester - Trevira - CTS #348","yes","ref","Polyesters","Cn2","Cymodocea nodosa","Subtidal (Cn)",0.25
"187","69_1","CH8","ftir_215","C4","sediment","CH8_18","2","orange_pink_red","line","yes","no","POLY(VINYL PROPIONATE/ACETATE)",62,NA,NA,"yes","Other",NA,NA,"POLY(VINYL PROPIONATE/ACETATE)","yes","ref","Other","Cn2","Cymodocea nodosa","Subtidal (Cn)",0.25
"188","69_1","CH8","ftir_216","C4","sediment","CH8_18","3","black_grey","line","yes","no","nylon-6-6 - CTS #A0357",40.24,NA,NA,"yes","Nylon-polyamides",NA,NA,"unclear","unclear","ref","Nylon-polyamides","Cn2","Cymodocea nodosa","Subtidal (Cn)",0.25
"189","69_1","CH8","ftir_217","C4","sediment","CH8_18","4","white_cream","line","yes","no","polyester - Trevira - CTS #348",54.72,NA,NA,"yes","Polyesters",NA,NA,"polyester - Trevira - CTS #348","yes","ref","Polyesters","Cn2","Cymodocea nodosa","Subtidal (Cn)",0.25
"190","69_2","CH8","ftir_218","C4","sediment","CH8_18","1","yellow","line","yes","no","FENFLURAMINE HCL IN KBR",40.36,NA,NA,"no","Non-plastic",NA,NA,"unclear","unclear","ref","Non-plastic","Cn2","Cymodocea nodosa","Subtidal (Cn)",0.25
"191","69_2","CH8","ftir_219","C4","sediment","CH8_18","2","transparent","line","yes","no","POLYAMIDE 6",33.41,NA,NA,"yes","Nylon-polyamides",NA,NA,"unclear","unclear","ref","Nylon-polyamides","Cn2","Cymodocea nodosa","Subtidal (Cn)",0.25
"192","71_1","CH8","ftir_220","C4","sediment","CH8_24","1","transparent","line","yes","no","polyester - Trevira - CTS #348",46.51,NA,NA,"yes","Polyesters",NA,NA,"unclear","unclear","ref","Polyesters","Cn2","Cymodocea nodosa","Subtidal (Cn)",0.25
"193","71_2","CH8","ftir_221","C4","sediment","CH8_24","1","blue_green","line","yes","no","polyester - Trevira - CTS #348",45.36,NA,NA,"yes","Polyesters",NA,NA,"unclear","unclear","ref","Polyesters","Cn2","Cymodocea nodosa","Subtidal (Cn)",0.25
"194","71_2","CH8","ftir_222","C4","sediment","CH8_24","2","blue_green","line","yes","no","viscose rayon - AAA Yarn - McCrone #24",41.27,NA,NA,"no","Non-plastic",NA,NA,"unclear","unclear","ref","Non-plastic","Cn2","Cymodocea nodosa","Subtidal (Cn)",0.25
"195","71_2","CH8","ftir_223","C4","sediment","CH8_24","3","orange_pink_red","film","no","yes",NA,NA,"POLY(PROPYLENE), ATACTIC",62.27,NA,NA,"yes","Polypropylene","POLY(PROPYLENE), ATACTIC","yes","atr","Polypropylene","Cn2","Cymodocea nodosa","Subtidal (Cn)",0.25
"196","73_1","CH8","ftir_224","C4","sediment","CH8_30","1","black_grey","line","yes","no","Cellulose Microscope Reflection",39.84,NA,NA,"no","Non-plastic",NA,NA,"unclear","unclear","ref","Non-plastic","Cn2","Cymodocea nodosa","Subtidal (Cn)",0.25
"197","73_2","CH8","ftir_225","C4","sediment","CH8_30","1","black_grey","line","yes","no","ETHYL BENZOATE, 99+%",41.31,NA,NA,"no","Non-plastic",NA,NA,"unclear","unclear","ref","Non-plastic","Cn2","Cymodocea nodosa","Subtidal (Cn)",0.25
"198","75_1","CH8","ftir_226","C4","sediment","CH8_36","1","orange_pink_red","line","yes","no","POLY(STYRENE:ACRYLONITRILE:MMA)",64.62,NA,NA,"yes","Polystyrene",NA,NA,"POLY(STYRENE:ACRYLONITRILE:MMA)","yes","ref","Polystyrene","Cn2","Cymodocea nodosa","Subtidal (Cn)",0.25
"199","75_1","CH8","ftir_227","C4","sediment","CH8_36","2","white_cream","line","yes","no","Cellulose Microscope Reflection",45.9,NA,NA,"no","Non-plastic",NA,NA,"unclear","unclear","ref","Non-plastic","Cn2","Cymodocea nodosa","Subtidal (Cn)",0.25
"200","75_1","CH8","ftir_228","C4","sediment","CH8_36","3","orange_pink_red","line","yes","no","ACRYLIC [POLY(AN:MA",76.81,NA,NA,"yes","Polyacrylates",NA,NA,"ACRYLIC [POLY(AN:MA","yes","ref","Polyacrylates","Cn2","Cymodocea nodosa","Subtidal (Cn)",0.25
"201","75_2","CH8","ftir_229","C4","sediment","CH8_36","1","blue_green","line","yes","no","CELLOPHANE",57.11,NA,NA,"no","Non-plastic",NA,NA,"CELLOPHANE","no","ref","Non-plastic","Cn2","Cymodocea nodosa","Subtidal (Cn)",0.25
"202","77_1","CH8","ftir_230","C5","sediment","CH8_42","1","black_grey","line","yes","no","PP sheet 6 (20um ap; 64 co-scans)",32.05,NA,NA,"yes","Polypropylene",NA,NA,"unclear","unclear","ref","Polypropylene","Cn2","Cymodocea nodosa","Subtidal (Cn)",0.25
"203","84_1","CH8","ftir_231","C5","sediment","CH8_63","1","blue_green","line","yes","no","Hyperthsene",31.9,NA,NA,"no","Non-plastic",NA,NA,"unclear","unclear","ref","Non-plastic","Cn2","Cymodocea nodosa","Subtidal (Cn)",0.25
"204","84_1","CH8","ftir_232","C5","sediment","CH8_63","2","yellow","line","yes","no","PP sheet 6 (20um ap; 64 co-scans)",40.88,NA,NA,"yes","Polypropylene",NA,NA,"unclear","unclear","ref","Polypropylene","Cn2","Cymodocea nodosa","Subtidal (Cn)",0.25
"205","84_1","CH8","ftir_233","C5","sediment","CH8_63","3","blue_green","line","yes","no","cuprammonium rayon - Cuprama - McCrone #26",36.27,NA,NA,"no","Non-plastic",NA,NA,"unclear","unclear","ref","Non-plastic","Cn2","Cymodocea nodosa","Subtidal (Cn)",0.25
"206","84_2","CH8","ftir_234","C5","sediment","CH8_63","1","transparent","film","no","yes",NA,NA,"4H-CYCLOPENTA(DEF)PHENANTHRENE, 97%",30.44,NA,NA,"no","Non-plastic","unclear","unclear","atr","Non-plastic","Cn2","Cymodocea nodosa","Subtidal (Cn)",0.25
"207","87_1","CH4","ftir_69","C5","sediment","CH4_3","2","orange_pink_red","line","yes","no","PP aged 4 (sieved 74um; ap 50um; 64 co-scans)",68,NA,NA,"yes","Polypropylene",NA,NA,"PP aged 4 (sieved 74um; ap 50um; 64 co-scans)","yes","ref","Polypropylene","Zn2","Zostera noltei","Intertidal (Zn)",0.25
"208","87_1","CH4","ftir_70","C5","sediment","CH4_3","1","transparent","line","yes","no","ACRYLIC [POLY(AN:VA:MVP",65.21,NA,NA,"yes","Polyacrylates",NA,NA,"ACRYLIC [POLY(AN:VA:MVP","yes","ref","Polyacrylates","Zn2","Zostera noltei","Intertidal (Zn)",0.25
"209","87_1","CH4","ftir_68","C5","sediment","CH4_3","1","blue_green","fragment","yes","no","POLYPROPYLENE LIGATURE",75.54,NA,NA,"yes","Polypropylene",NA,NA,"POLYPROPYLENE LIGATURE","yes","ref","Polypropylene","Zn2","Zostera noltei","Intertidal (Zn)",0.25
"210","87_2","CH4","ftir_71","C5","sediment","CH4_3","2","orange_pink_red","line","yes","no","Spodumene",31.65,NA,NA,"no","Non-plastic",NA,NA,"unclear","unclear","ref","Non-plastic","Zn2","Zostera noltei","Intertidal (Zn)",0.25
"211","87_2","CH4","ftir_72","C5","sediment","CH4_3","3","black_grey","line","yes","no","SULPHATE; BARIUM",52.94,NA,NA,"no","Non-plastic",NA,NA,"SULPHATE; BARIUM","no","ref","Non-plastic","Zn2","Zostera noltei","Intertidal (Zn)",0.25
"212","90_2","CH4","ftir_73","C5","sediment","CH4_12","1","blue_green","fragment","yes","no","Polypropylene-polyethylene copolymer",50.8,NA,NA,"yes","Polypropylene",NA,NA,"Polypropylene-polyethylene copolymer","yes","ref","Polypropylene","Zn2","Zostera noltei","Intertidal (Zn)",0.25
"213","90_2","CH4","ftir_74","C5","sediment","CH4_12","2","transparent","line","yes","no","nylon-6-6 - CTS #A0357",66.19,NA,NA,"yes","Nylon-polyamides",NA,NA,"nylon-6-6 - CTS #A0357","yes","ref","Nylon-polyamides","Zn2","Zostera noltei","Intertidal (Zn)",0.25
"214","90_2","CH4","ftir_76","C5","sediment","CH4_12","4","black_grey","fragment","yes","no","POLY(VINYL PROPIONATE:ACRYLATE)",39.77,NA,NA,"yes","Other",NA,NA,"unclear","unclear","ref","Other","Zn2","Zostera noltei","Intertidal (Zn)",0.25
"215","90_2","CH4","ftir_75","C5","sediment","CH4_12","3","blue_green","fragment","yes","no","ETHER, A.C.S. REAGENT, ABSOLUTE",51.48,NA,NA,"no","Non-plastic",NA,NA,"ETHER, A.C.S. REAGENT, ABSOLUTE","no","ref","Non-plastic","Zn2","Zostera noltei","Intertidal (Zn)",0.25
"216","92_1","CH4","ftir_77","C5","sediment","CH4_18","1","transparent","line","yes","no","acrylique - Acrilan 16 - McCrone #17",67.53,NA,NA,"yes","Polyacrylates",NA,NA,"acrylique - Acrilan 16 - McCrone #17","yes","ref","Polyacrylates","Zn2","Zostera noltei","Intertidal (Zn)",0.25
"217","92_1","CH4","ftir_78","C5","sediment","CH4_18","2","blue_green","fragment","yes","yes","VALERALDEHYDE, 99%",51.48,"Montmorillonite (<25m)",71.87,"no","Non-plastic","no","Non-plastic","Montmorillonite (<25m)","no","both-but-atr-more-conclusive","Non-plastic","Zn2","Zostera noltei","Intertidal (Zn)",0.25
"218","92_1","CH4","ftir_79","C5","sediment","CH4_18","3","blue_green","line","yes","no","cuprammonium rayon - Cuprama - McCrone #26",41.83,NA,NA,"no","Non-plastic",NA,NA,"unclear","unclear","ref","Non-plastic","Zn2","Zostera noltei","Intertidal (Zn)",0.25
"219","92_2","CH4","ftir_80","C5","sediment","CH4_18","1","blue_green","fragment","yes","no","PP sheet (20um ap; 64 co-scans)10 spectra: Average",36.92,NA,NA,"yes","Polypropylene",NA,NA,"unclear","unclear","ref","Polypropylene","Zn2","Zostera noltei","Intertidal (Zn)",0.25
"220","92_2","CH4","ftir_81","C5","sediment","CH4_18","2","orange_pink_red","line","yes","no","PP sheet (20um ap; 64 co-scans)10 spectra: Average",47.74,NA,NA,"yes","Polypropylene",NA,NA,"unclear","unclear","ref","Polypropylene","Zn2","Zostera noltei","Intertidal (Zn)",0.25
"221","94_1","CH4","ftir_83","C5","sediment","CH4_24","2","orange_pink_red","line","yes","no","polyester - Trevira - CTS #348",52.66,NA,NA,"yes","Polyesters",NA,NA,"polyester - Trevira - CTS #348","yes","ref","Polyesters","Zn2","Zostera noltei","Intertidal (Zn)",0.25
"222","94_1","CH4","ftir_84","C5","sediment","CH4_24","3","transparent","line","yes","no","PHORONE, TECH., 93%",41.52,NA,NA,"no","Non-plastic",NA,NA,"unclear","unclear","ref","Non-plastic","Zn2","Zostera noltei","Intertidal (Zn)",0.25
"223","94_1","CH4","ftir_82","C5","sediment","CH4_24","1","blue_green","line","yes","no","ACRYLIC [POLY(AN:VA:MVP",71.3,NA,NA,"yes","Polyacrylates",NA,NA,"ACRYLIC [POLY(AN:VA:MVP","yes","ref","Polyacrylates","Zn2","Zostera noltei","Intertidal (Zn)",0.25
"224","94_2","CH4","ftir_85","C5","sediment","CH4_24","1","black_grey","line","yes","no","FENFLURAMINE HCL IN KBR",49.79,NA,NA,"no","Non-plastic",NA,NA,"unclear","unclear","ref","Non-plastic","Zn2","Zostera noltei","Intertidal (Zn)",0.25
"225","94_2","CH4","ftir_86","C5","sediment","CH4_24","2","blue_green","line","yes","no","FENFLURAMINE HCL IN KBR",38.39,NA,NA,"no","Non-plastic",NA,NA,"unclear","unclear","ref","Non-plastic","Zn2","Zostera noltei","Intertidal (Zn)",0.25
"226","95_1","CH4","ftir_87","C6","sediment","CH4_27","1","white_cream","line","yes","no","POLYPROPYLENE LIGATURE",71.88,NA,NA,"yes","Polypropylene",NA,NA,"POLYPROPYLENE LIGATURE","yes","ref","Polypropylene","Zn2","Zostera noltei","Intertidal (Zn)",0.25
"227","95_2","CH4","ftir_88","C6","sediment","CH4_27","1","blue_green","fragment","yes","no","POLY(ETHYLACRYLATE:ST:ACRYLAMIDE)",42.45,NA,NA,"yes","Polyacrylamides",NA,NA,"unclear","unclear","ref","Polyacrylamides","Zn2","Zostera noltei","Intertidal (Zn)",0.25
"228","96_1","CH4","ftir_90","C6","sediment","CH4_30","2","blue_green","line","yes","no","STRYCHNINE SULFATE IN KBR",33.5,NA,NA,"no","Non-plastic",NA,NA,"unclear","unclear","ref","Non-plastic","Zn2","Zostera noltei","Intertidal (Zn)",0.25
"229","96_1","CH4","ftir_89","C6","sediment","CH4_30","1","white_cream","line","yes","no","acrylique - Dralon - Driesch #112",60.43,NA,NA,"yes","Polyacrylates",NA,NA,"acrylique - Dralon - Driesch #112","yes","ref","Polyacrylates","Zn2","Zostera noltei","Intertidal (Zn)",0.25
"230","96_2","CH4","ftir_92","C6","sediment","CH4_30","2","orange_pink_red","line","yes","no","PP 4 (sieved 150um; ap 20um; 64 co-scans)",65.34,NA,NA,"yes","Polypropylene",NA,NA,"PP 4 (sieved 150um; ap 20um; 64 co-scans)","yes","ref","Polypropylene","Zn2","Zostera noltei","Intertidal (Zn)",0.25
"231","96_2","CH4","ftir_91","C6","sediment","CH4_30","1","blue_green","line","yes","no","polyester - Trevira - CTS #348",32.85,NA,NA,"yes","Polyesters",NA,NA,"unclear","unclear","ref","Polyesters","Zn2","Zostera noltei","Intertidal (Zn)",0.25
"232","97_1","CH4","ftir_93","C6","sediment","CH4_33","1","black_grey","line","yes","no","viscose rayon - Vincel - McCrone #25",32.53,NA,NA,"no","Non-plastic",NA,NA,"unclear","unclear","ref","Non-plastic","Zn2","Zostera noltei","Intertidal (Zn)",0.25
"233","CON_C1","-","ftir_1","C1","control","CON_C1","1","black_grey","line","yes","no","POLYESTER, TEREPHTHALATE",38.58,NA,NA,"yes","Polyesters",NA,NA,"unclear","unclear","ref","Polyesters",NA,NA,NA,0.5
"234","CON_C1","-","ftir_2","C1","control","CON_C1","2","blue_green","fragment","yes","no","Cellulose Microscope Reflection",45.39,NA,NA,"no","Non-plastic",NA,NA,"unclear","unclear","ref","Non-plastic",NA,NA,NA,0.5
"235","CON_C1","-","ftir_3","C1","control","CON_C1","3","blue_green","line","yes","no","4-ETHYNYLTOLUENE, 97%",30.61,NA,NA,"no","Non-plastic",NA,NA,"unclear","unclear","ref","Non-plastic",NA,NA,NA,0.5
"236","CON_C2","-","ftir_5","C2","control","CON_C2","4","black_grey","line","yes","no","Cellulose Microscope Reflection",43.73,NA,NA,"no","Non-plastic",NA,NA,"unclear","unclear","ref","Non-plastic",NA,NA,NA,0.25
"237","CON_C2","-","ftir_4","C2","control","CON_C2","2","black_grey","line","yes","no","MESCALINE HCL IN KBR",41.54,NA,NA,"no","Non-plastic",NA,NA,"unclear","unclear","ref","Non-plastic",NA,NA,NA,0.25
"238","CON_C3","-","ftir_6","C3","control","CON_C3","1","yellow","line","yes","no","1,2-Dibromoethane",47.81,NA,NA,"no","Non-plastic",NA,NA,"unclear","unclear","ref","Non-plastic",NA,NA,NA,1
"239","CON_C3","-","ftir_7","C3","control","CON_C3","2","white_cream","line","yes","no","Cellulose Microscope Reflection",48.05,NA,NA,"no","Non-plastic",NA,NA,"unclear","unclear","ref","Non-plastic",NA,NA,NA,1
"240","CON_C3","-","ftir_8","C3","control","CON_C3","3","black_grey","line","yes","no","POLYESTER RESIN, UNSATURATED",42.35,NA,NA,"yes","Polyesters",NA,NA,"unclear","unclear","ref","Polyesters",NA,NA,NA,1
"241","CON_C3","-","ftir_9","C3","control","CON_C3","4","black_grey","line","yes","no","5,8,11,14,17-EICOSAPENTAENOIC ACI",37.35,NA,NA,"no","Non-plastic",NA,NA,"unclear","unclear","ref","Non-plastic",NA,NA,NA,1
"242","CON_C4","-","ftir_13","C6","control","CON_C6","1","blue_green","line","yes","no","TRICHLOROACETONITRILE, 98%",49.01,NA,NA,"no","Non-plastic",NA,NA,"unclear","unclear","ref","Non-plastic",NA,NA,NA,0.25
"243","CON_C4","-","ftir_12","C4","control","CON_C4","3","white_cream","foam","yes","yes","POLYSULFONE RESIN",54.22,"POLY(ARYL ETHER)",76.48,"yes","Other","yes","Other","POLY(ARYL ETHER)","yes","both-but-atr-more-conclusive","Other",NA,NA,NA,0.25
"244","CON_C4","-","ftir_17","C6","control","CON_C6","5","blue_green","line","yes","no","viscose rayon - Vincel - McCrone #25",55.38,NA,NA,"no","Non-plastic",NA,NA,"viscose rayon - Vincel - McCrone #25","no","ref","Non-plastic",NA,NA,NA,0.25
"245","CON_C4","-","ftir_14","C6","control","CON_C6","2","blue_green","line","yes","no","2,4,6-TRIMETHOXYAMPHETAMINE",27.69,NA,NA,"no","Non-plastic",NA,NA,"unclear","unclear","ref","Non-plastic",NA,NA,NA,0.25
"246","CON_C4","-","ftir_11","C4","control","CON_C4","2","blue_green","fragment","yes","yes","METHACRYLIC ACID, BUTYL ESTER",55.77,"1-CHLORO-8-NITRONAPHTHALENE, 98%",29.02,"no","Non-plastic","no","Non-plastic","METHACRYLIC ACID, BUTYL ESTER","no","both-but-ref-more-conclusive","Non-plastic",NA,NA,NA,0.25
"247","CON_C4","-","ftir_10","C4","control","CON_C4","1","blue_green","fragment","yes","no","ALKYD RESIN",49.17,NA,NA,"no","Non-plastic",NA,NA,"unclear","unclear","ref","Non-plastic",NA,NA,NA,0.25
"248","CON_C4","-","ftir_15","C6","control","CON_C6","3","blue_green","line","yes","no","PHENYL-B-D-GLUCOSIDE",30.75,NA,NA,"no","Non-plastic",NA,NA,"unclear","unclear","ref","Non-plastic",NA,NA,NA,0.25
"249","CON_C4","-","ftir_18","C6","control","CON_C6","6","blue_green","line","yes","no","viscose rayon - Vincel - McCrone #25",44.98,NA,NA,"no","Non-plastic",NA,NA,"unclear","unclear","ref","Non-plastic",NA,NA,NA,0.25
"250","CON_C4","-","ftir_16","C6","control","CON_C6","4","blue_green","line","yes","no","POLY(VINYL CHLORIDE)",33.04,NA,NA,"yes","Polyhaloolefins",NA,NA,"unclear","unclear","ref","Polyhaloolefins",NA,NA,NA,0.25
"251","CON_C7","-","ftir_19","C7","control","CON_C7","1","blue_green","line","yes","no","polyester - Trevira - CTS #348",55.94,NA,NA,"yes","Polyesters",NA,NA,"polyester - Trevira - CTS #348","yes","ref","Polyesters",NA,NA,NA,1
"252","CON_C7","-","ftir_20","C7","control","CON_C7","2","blue_green","fragment","yes","no","POLY(STYRENE:ACRYLONITRILE:MMA)",48.78,NA,NA,"yes","Polystyrene",NA,NA,"unclear","unclear","ref","Polystyrene",NA,NA,NA,1
"253","CON_C7","-","ftir_21","C7","control","CON_C7","3","black_grey","line","yes","no","POLYESTER RESIN, UNSATURATED",30,NA,NA,"yes","Polyesters",NA,NA,"unclear","unclear","ref","Polyesters",NA,NA,NA,1
"254","CON_C8","-","ftir_22","C8","control","CON_C8","1","black_grey","line","yes","no","TUBERCIDIN-5-MONOPHOSPHATE",35.19,NA,NA,"no","Non-plastic",NA,NA,"unclear","unclear","ref","Non-plastic",NA,NA,NA,1
"255","CON_C8","-","ftir_23","C8","control","CON_C8","2","white_cream","foam","yes","yes","POLYSULFONE RESIN",43.09,"Poly(p-phenylene ether sulphone) [(melt flow(320C)=12.8g/10m",78.45,"yes","Other","yes","Other","Poly(p-phenylene ether sulphone) [(melt flow(320C)=12.8g/10m","yes","both-but-atr-more-conclusive","Other",NA,NA,NA,1
"256","CON_C8","-","ftir_25","C8","control","CON_C8","4","black_grey","line","yes","no","L-A-METHADOL HCL IN KBR",27.25,NA,NA,"no","Non-plastic",NA,NA,"unclear","unclear","ref","Non-plastic",NA,NA,NA,1
"257","CON_C8","-","ftir_24","C8","control","CON_C8","3","black_grey","line","yes","no","MANNITOL IN KBR",31.17,NA,NA,"no","Non-plastic",NA,NA,"unclear","unclear","ref","Non-plastic",NA,NA,NA,1
